,study,link,studyid,author,year,n1i,m1i,sd1i,n2i_con,m2i,sd2i,half_control_HR,region,metabolite,group_order,naive1,male_pt,male_con,male_combined,age_combined,age_pt,age_pt_sd,age_con,age_con_sd,panss_tot,panss_tot_sd,panss_pos,panss_pos_sd,panss_neg,panss_neg_sd,pans_gen,pans_gen_sd,cpz,tesla,combined_SNR1,SNR_pt,FWHM_pt,PPM0_or_HZ1,SNR_hc,FWHM_hc,snr_ratio,fwhm_ratio
1,9,http://www.ncbi.nlm.nih.gov/pubmed/9337777,Bartha1997,Bartha,1997,10,10.4,1.95,10,11.44,2.72,NA,pfc,glu,fep,1,8,8,80,25.35,24.4,5.1,26.3,6.4,NA,NA,NA,NA,NA,NA,NA,NA,NA,1.5,1,NA,NA,1,NA,NA,NA,NA
2,10,PMID:<U+00A0>32928500,Bojesen2021,Bojesen,2021,48,10.65,1.44,51,10.91,1.17,NA,pfc,glu,fep,1,24,22,43,22.45,22.7,5,22.2,4.1,75.9,14.3,18.8,4.4,19.9,5.3,37.1,7.3,NA,3,0,31.6,0.03,0,31.9,0.026,0.990595611,1.153846154
3,11,PMID:<U+00A0>31266965,Borgan2019,Borgan,2019,28,15.11024,2.031568,33,15.27304,2.34144,NA,pfc,glu,fep,0,38,47,77,26.645565,26.18,4.42,25.85,4.87,52.13,24.5,14.33,7.54,14.51,8.46,45,23.41,NA,3,0,24.1,0.037,0,23.17,0.04,1.04013811,0.925
4,12,https://www.ncbi.nlm.nih.gov/pubmed/26925800,Brandt2016,Brandt,2016,24,9.16,1.66,24,9.05,0.72,NA,pfc,glu,chronic,0,19,20,81.25,37.05,37.5,16.7,36.6,14.6,NA,NA,NA,NA,NA,NA,NA,NA,NA,7,NA,NA,NA,NA,NA,NA,NA,NA
5,13,32899276,Bryll2020,Bryll,2020,40,0.39,0.17,30,0.39,0.13,NA,pfc,glu,chronic,0,22,13,49.17,26.09,22.68,7.39,29.5,5.33,106.33,20.53,27.95,6.61,25.5,5.57,53.98,10.45,NA,1.5,NA,NA,NA,NA,NA,NA,NA,NA
6,14,http://www.ncbi.nlm.nih.gov/pubmed/19918243,Bustillo2010,Bustillo,2010,14,14.55,1.37,8,15.82,2.59,NA,pfc,glu,fep,1,12,8,83.33,28,27.2,8.9,28.8,9.7,NA,NA,NA,NA,NA,NA,NA,NA,NA,4,NA,NA,NA,NA,NA,NA,NA,NA
7,15,http://www.ncbi.nlm.nih.gov/pubmed/24402128,Bustillo2014,Bustillo,2014,84,14.05,2.65,81,14.07,1.4,NA,pfc,glu,chronic,0,71,54,75.76,35.95,36.7,13.9,35.2,11.8,62.25,NA,14.5,5.6,15.1,5.6,30.52,NA,NA,3,0,36.3,0.05,0,42.2,0.04,0.860189573,1.25
8,16,PMID:29276351 | PMCID:PMC5738516,Chen2017,Chen,2017,12,5.13,2.44,12,3.49,1.91,1,pfc,glu,fep,1,5,5,41.67,27.7,28.8,8.3,26.6,4.7,82.8,11.6,22.7,5.8,19.9,5.6,40.5,5.6,NA,3,NA,NA,NA,NA,NA,NA,NA,NA
9,16,PMID:29276351 | PMCID:PMC5738516,Chen2017,Chen,2017,12,6.07,2.48,12,6.54,1.99,1,pfc,glu,fep,1,5,5,41.67,27.7,28.8,8.3,26.6,4.7,82.8,11.6,22.7,5.8,19.9,5.6,40.5,5.6,NA,3,NA,NA,NA,NA,NA,NA,NA,NA
10,17,PMID:<U+00A0>32385970,Corcoran2020,Corcoran,2020,20,7.38,1.81,28,7.79,1.71,NA,pfc,glu,chronic,0,33,23,63.38,38.31,38.33,10.47,38.29,14.44,NA,NA,NA,NA,NA,NA,NA,NA,NA,3,NA,NA,NA,NA,NA,NA,NA,NA
11,18,http://www.ncbi.nlm.nih.gov/pubmed/23890739,Demjaha2014,Demjaha,2014,8,8.87,2.44,5,8.62,1.02,NA,pfc,glu,chronic,0,6,4,55.56,45.2,45.6,11.64,44.8,9.15,50.13,4.05,12.13,2.75,13.88,3.18,24.13,3.56,NA,3,NA,NA,NA,NA,NA,NA,NA,NA
12,18,http://www.ncbi.nlm.nih.gov/pubmed/23890740,Demjaha2014,Demjaha,2014,6,10.32,1.41,5,8.62,1.02,NA,pfc,glu,chronic,0,3,4,43.75,43.8,42.8,9.02,44.8,9.15,103.67,6.89,26,1.9,27.17,3.97,50.5,4.37,NA,3,NA,NA,NA,NA,NA,NA,NA,NA
13,19,PMID:<U+00A0>32205866,Dempster2020,Dempster,2020,26,8.51,2.05,27,8.35,2.3,NA,pfc,glu,fep,0,21,17,71.87,22.76,24.04,5.4,21.48,3.57,NA,NA,NA,NA,NA,NA,NA,NA,NA,7,NA,NA,NA,NA,NA,NA,NA,NA
14,20,29880882,Egerton2018,Egerton,2018,26,1.33,0.17,36,1.33,0.15,NA,pfc,glu,fep,0,20,26,74.19,27.85,27.4,5.73,28.2,4.28,65.42,12.7,19.19231,4.92,13.61538,4.45,32.61538,6.6,NA,3,NA,NA,NA,0,NA,NA,NA,NA
15,20,29880882,Egerton2018,Egerton,2018,31,1.37,0.17,15,1.36,0.11,NA,pfc,glu,fep,0,15,9,52.17,22.86957,21.8,3.07,25.1,3.15,83.16,17.9,21.41935,5.9,20.6129,5.72,41.12903,8.25,NA,3,NA,NA,NA,0,NA,NA,NA,NA
16,20,29880882,Egerton2018,Egerton,2018,13,1.26,0.1,9,1.34,0.12,NA,pfc,glu,fep,0,14,4,81.82,25.29167,25.9,5.83,24.3,2.29,70.4,15.28,19.4,4.21,16.26667,7.69,34.73333,7.98,NA,3,NA,NA,NA,0,NA,NA,NA,NA
17,133,24749064,Falkenberg2014,Falkenberg,2014,8.5,1.44,0.15,8.5,1.59,0.18,NA,pfc,glu,chronic,0,10,10,58.82,29,30,10,28,4,64,17,18,6,16,6,30,8,NA,3,0,20.24,0.039,0,22.76,0.038,0.889279438,1.026315789
18,133,24749064,Falkenberg2014,Falkenberg,2014,8.5,1.65,0.21,8.5,1.66,0.16,NA,pfc,glu,chronic,0,10,10,58.82,29,30,10,28,4,64,17,18,6,16,NA,30,NA,NA,3,0,18.41,0.045,0,20.06,0.045,0.91774676,1
19,24,https://www.ncbi.nlm.nih.gov/pubmed/?term=26333842,Gallinat2016,Gallinat,2016,29,14.46,1.56,29,15.17,1.11,NA,pfc,glu,chronic,0,19,19,65.52,29.25,27.6,6.8,30.9,8.4,72.7,11.87,17.8,6.7,19.5,5.2,35.4,8.3,NA,3,NA,NA,NA,0,NA,NA,NA,NA
20,130,34226485,Godlewska2021,Godlewska,2021,14,11.54,0.27,18,12.24,0.17,NA,pfc,glu,fep,0,17,18,100,26.35,25.6,1.1,27.1,0.8,58,2.5,14.5,0.8,14.4,1,29.1,1.2,NA,7,0,35.93,0.037,0,34.5,0.037,1.041449275,1
21,21,25603859,Goldstein2015,Goldstein,2015,14,1.92,0.11,4.333333333,1.96,0.12,NA,pfc,glu,chronic,0,12,4.333333333,80.33,32.4,30.7,7.2,34.1,7.9,59.9,11.1,13.4,5.3,17.1,5.8,29.5,5.9,426.5,3,NA,NA,NA,0,NA,NA,NA,NA
22,21,25603859,Goldstein2015,Goldstein,2015,14,1.78,0.11,4.333333333,1.96,0.12,NA,pfc,glu,chronic,0,12,4.333333333,76.56,33.9,33.7,8.6,34.1,7.9,59.7,15,11.4,5.5,19.7,6.7,28.6,6.6,446,3,NA,NA,NA,0,NA,NA,NA,NA
23,21,25603859,Goldstein2015,Goldstein,2015,9,1.91,0.13,4.333333333,1.96,0.12,NA,pfc,glu,chronic,0,9,4.333333333,81.63,34.55,35,7.3,34.1,7.9,62.4,12.5,14,5.8,20,6.9,28.4,4.2,855.4,3,NA,NA,NA,0,NA,NA,NA,NA
24,22,31610406,Korenic2020,Korenic,2020,19,13.2,1.2,22,13.3,1.3,NA,pfc,glu,chronic,0,12,14,63.41,29.95,33,1.8,26.9,9.8,NA,NA,NA,NA,NA,NA,NA,NA,NA,3,NA,NA,NA,0,NA,NA,NA,NA
25,23,29934548,Kumar2020,Kumar,2020,27,6.01,0.66,45,6.21,0.81,NA,pfc,glu,chronic,0,20,29,67.92,27.535,28,6.54,27.89,7.54,NA,NA,NA,NA,NA,NA,NA,NA,NA,7,0,32.4,17.58,1,33.76,16.98,0.95971564,1.035335689
26,25,31626702,Hjelmervik2020,Hjelmervik,2020,33,17.09,1.8,33,16.55,1.69,NA,pfc,glu,chronic,0,NA,NA,NA,30.03,29.83,11.48,30.23,10.23,62.48,17.63,15.53,5.51,15.03,5.02,31.91,9.7,NA,3,0,40.51,0.06,0,41.46,0.06,0.977086348,1
27,26,30389132,Iwata2019,Iwata,2019,26,17.16,1.97,8.666666667,15.98,1.74,NA,pfc,glu,chronic,0,21,19,76.95,42.95,45.1,12.9,40.8,13.2,82.8,11.7,22.5,3.9,20.9,4.2,39.5,7,643.2,3,0,19.2,6.4,1,22.6,6.7,0.849557522,0.955223881
28,26,30389132,Iwata2019,Iwata,2019,27,16.92,1.39,8.666666667,15.98,1.74,NA,pfc,glu,chronic,0,19,19,71.75,40.65,40.5,11.2,40.8,13.2,56.1,10.9,11.5,2,16.1,4.8,28.5,5.6,527.1,3,0,20,6.7,1,22.6,6.7,0.884955752,1
29,26,30389132,Iwata2019,Iwata,2019,21,16.7,1.51,8.666666667,15.98,1.74,NA,pfc,glu,chronic,0,16,19,74.65,43.55,46.3,12.7,40.8,13.2,57.2,9.5,10.9,2.3,16,3.6,30.3,4.7,443.1,3,0,21,6.9,1,22.6,6.7,0.92920354,1.029850746
30,27,PMID:<U+00A0>30236864,Jauhar2018,Jauhar,2018,26,11.62149,1.802974,20,11.82796,1.620543,NA,pfc,glu,fep,0,22,13,72,24.45,25.4,3.9,23.5,4.1,69.2,19.1,18.4,6.6,15.4,6.1,35.1,9,NA,3,NA,NA,NA,0,NA,NA,NA,NA
31,46,PMID:29031411 | PMCID:PMC5809251,Kim2018,Kim,2018,40,1.42,0.24,50,1.24,0.18,NA,pfc,glu,fep,0,34,19,58.8,24.38,23.62,4.73,25.14,5.86,47.27,10.77,10.31,5.12,12.11,5.45,24.85,7.75,127.32,4,NA,NA,NA,0,NA,NA,NA,NA
32,5,30301944,Legind2019,Legind,2019,28,10.44,1.1,49,10.36,1.03,NA,pfc,glu,chronic,0,19,26,58.44,39.65,38.6,9.8,40.7,11.2,62.9,19.9,15,5.8,16.7,7.4,31.2,NA,NA,3,0,22.75,0.05,0,29.08,0.04,0.782324622,1.25
33,5,30301944,Legind2019,Legind,2019,22,10.43,1.65,36,10.26,0.9,NA,pfc,glu,chronic,0,11,22,56.9,42.2,43.2,9.5,41.2,9.7,60.6,20.7,14.1,6.4,15.5,5.8,31.1,NA,NA,3,0,27.95,0.04,0,29.89,0.04,0.93509535,1
34,47,PMID:<U+00A0>33192666,Li2020,Li,2020,35,8.92,1.14,40,8.79,0.91,NA,pfc,glu,fep,1,22,25,62.68,22.518,22.286,4.46,22.75,4.19,NA,NA,NA,NA,NA,NA,NA,NA,NA,3,0,23.97,0.069,0,24.73,0.065,0.969268095,1.061538462
35,4,http://www.ncbi.nlm.nih.gov/pubmed/18645571,Lutkenhoff2010,Lutkenhoff,2010,9,8.11,3.34,21,11.83,3.81,1,pfc,glu,chronic,0,5,12,56.67,52.25,48.8,11.5,55.7,3.8,NA,NA,NA,NA,NA,NA,NA,NA,NA,3,1,NA,NA,0,NA,NA,NA,NA
36,48,http://www.ncbi.nlm.nih.gov/pubmed/25379453,Marsman2014,Marsman,2014,14,8.48,1.34,18,8.65,1.14,NA,pfc,glu,chronic,0,13,16,72.5,27.65,27.6,6.1,27.7,5.3,53.1,12.7,12.7,5.1,12.9,4.5,27.5,7.3,NA,7,0,51.9,9,1,64.8,8.4,0.800925926,1.071428571
37,49,http://www.ncbi.nlm.nih.gov/pubmed/18602089,Ongur2008,Ongur,2008,17,0.919,0.306,21,1.084,0.283,NA,pfc,glu,chronic,0,10,11,55.26,38.05,41.8,9.8,34.3,10,86,19.8,22.1875,NA,18.125,NA,39.875,NA,542,4,0,NA,9.4,1,NA,9.9,NA,0.949494949
38,50,http://www.ncbi.nlm.nih.gov/pubmed/20598290,Ongur2010,Ongur,2010,21,0.889,0.21,19,0.804,0.152,NA,pfc,glu,chronic,0,14,12,65,37.65,39,10.8,36.3,9.8,50.5,15.2,NA,NA,NA,NA,NA,NA,555,4,0,3.8,NA,NA,3.9,NA,0.974358974,NA
39,129,34282130,Onwordi2021,Onwordi,2021,18,1.06,0.02,22,1.1,0.02,NA,pfc,glu,chronic,0,15,21,90,39.56,40.89,2.75,38.23,2.59,NA,NA,NA,NA,NA,NA,NA,NA,NA,3,0,40,0.06,0,45.68,0.04,0.875656743,1.5
40,51,29486866,Posporelis2018,Posporelis,2018,20,1.29,0.1,20,1.33,0.14,NA,pfc,glu,fep,0,13,13,65,23.675,24.25,4.22,23.1,2.99,NA,NA,NA,NA,NA,NA,NA,NA,188,7,1,NA,NA,1,NA,NA,NA,NA
41,52,PMID:29385594,Reid2018,Reid,2018,21,6.57,0.5,21,6.93,0.5,NA,pfc,glu,fep,0,16,16,76.19,23.35,23.2,4.4,23.5,4.5,NA,NA,NA,NA,NA,NA,NA,NA,NA,7,0,31.7,0.03,0,35,0.03,0.905714286,1
42,7,28115738,Roalf2017,Roalf,2017,5,5.12,0.35,17,5.2,0.3,1,pfc,glu,fep,0,4,8,54.55,20.7,21.8,2.5,19.6,2.5,NA,NA,NA,NA,NA,NA,NA,NA,NA,7,NA,NA,NA,0,NA,NA,NA,NA
43,53,https://www.ncbi.nlm.nih.gov/pubmed/?term=27898072,Rowlandb2016,Rowlandb,2016,27,7.9,0.85,29,8.1,0.67,NA,pfc,glu,chronic,0,17,14,55.36,32.05,34.4,13.1,29.7,9.4,NA,NA,NA,NA,NA,NA,NA,NA,381.1,7,0,46.7,0.032,0,50.3,0.031,0.928429423,1.032258065
44,134,26720179,Rowland2016,Rowland,2016,45,8.6,1,53,9.2,0.8,NA,pfc,glu,chronic,0,29,32,62.24,37.4,37.7,12.8,37.1,13.1,NA,NA,NA,NA,NA,NA,NA,NA,NA,3,0,30,0.037,0,36.5,0.037,0.821917808,1
45,54,http://www.ncbi.nlm.nih.gov/pubmed/19850131,Shirayama2010,Shirayama,2010,19,9.4,1.52,18,9.57,0.98,NA,pfc,glu,chronic,0,12,14,70.27,30.95,30.5,5.6,31.4,8.4,NA,NA,NA,NA,NA,NA,NA,NA,267,3,NA,NA,NA,NA,NA,NA,NA,NA
46,55,https://www.ncbi.nlm.nih.gov/pubmed/?term=26255566,Smesny2015,Smesny,2015,31,10.5,0.754,31,9.805,0.534,NA,pfc,glu,fep,1,16,15,50,25.695,25.97,4.95,25.42,5.18,58.7,7.7,31.8,3.5,27.5,9.2,41.7,8.1,NA,3,NA,NA,NA,1,NA,NA,NA,NA
47,38,PMID:<U+00A0>33429152,Smesny2021,Smesny,2021,29,8.363,1.049,26,8.915,0.744,NA,pfc,glu,fep,1,12,14,47.61,25.5,25.8,5.4,25.2,4.7,NA,NA,NA,NA,NA,NA,NA,NA,NA,3,0,30.5,6.3,1,28.6,7.5,1.066433566,0.84
48,56,https://www.ncbi.nlm.nih.gov/pubmed/28243459,Taylor2017,Taylor,2017,16,10.7,1.2,18,10,1.3,NA,pfc,glu,chronic,0,13,11,70.59,23.3,22.7,2.9,23.9,4.6,NA,NA,NA,NA,NA,NA,NA,NA,358,7,0,NA,12.8,1,NA,13.2,NA,0.96969697
49,57,http://www.ncbi.nlm.nih.gov/pubmed/19097753,Tayoshi2009,Tayoshi,2009,30,9.8,2.7,25,11.5,3.6,NA,pfc,glu,chronic,0,14,13,49.09,34.35,33.8,9.5,34.9,10.7,55.2,9.66,12.5,3.5,15,5.4,27.7,7.2,383.3,3,NA,NA,NA,NA,NA,NA,NA,NA
50,58,http://www.ncbi.nlm.nih.gov/pubmed/16320094,Terpstra2005,Terpstra,2005,13,10.2,0.9,9,10,0.7,NA,pfc,glu,chronic,0,8,4,54.55,25.5,26,5,25,5,NA,NA,NA,NA,NA,NA,NA,NA,NA,4,NA,NA,NA,NA,NA,NA,NA,NA
51,59,http://www.ncbi.nlm.nih.gov/pubmed/12411236,Theberge2002,Theberge,2002,20,16.03,2.27,20,16.36,2.3,NA,pfc,glu,fep,1,14,14,70,26,26,14,26,7,NA,NA,NA,NA,NA,NA,NA,NA,NA,4,NA,NA,NA,NA,NA,NA,NA,NA
52,60,http://www.ncbi.nlm.nih.gov/pubmed/14638596,Theberge2003,Theberge,2003,21,13.67,3.4,21,15.89,2.81,NA,pfc,glu,chronic,0,20,20,95.24,35,37,11,33,12,NA,NA,NA,NA,NA,NA,NA,NA,NA,4,NA,NA,NA,NA,NA,NA,NA,NA
53,61,http://www.ncbi.nlm.nih.gov/pubmed/22511463,Tibbo2013,Tibbo,2013,33,8.05,1.91,41,7.83,1.8,NA,pfc,glu,fep,1,27,32,79.73,21.75,21.6,3.4,21.9,3.1,75.5,9.94,18,4.9,20,4.8,37.5,7.2,NA,3,1,NA,NA,0,NA,NA,NA,NA
54,42,30624573,Wang2019,Wang,2019,75,7.83,0.65,87,8.16,0.57,NA,pfc,glu,fep,0,57,42,58.26,22.8,22.3,4.4,23.3,3.9,NA,NA,NA,NA,NA,NA,NA,NA,188,7,0,49.2,0.031,0,51.2,0.029,0.9609375,1.068965517
55,43,https://www.ncbi.nlm.nih.gov/pubmed/?term=27562377,Wijtenburg2017,Wijtenburg,2017,48,9.25,0.8,54,9.54,0.7,NA,pfc,glu,chronic,0,34,25,57.84,25.2,25.2,4.5,25.2,4.8,NA,NA,NA,NA,NA,NA,NA,NA,NA,3,0,33.7,0.038,0,36.5,0.034,0.923287671,1.117647059
56,43,https://www.ncbi.nlm.nih.gov/pubmed/?term=27562377,Wijtenburg2017,Wijtenburg,2017,47,8.16,1,39,8.71,0.8,NA,pfc,glu,chronic,0,26,25,59.3,50.35,49.5,5.4,51.2,5.7,NA,NA,NA,NA,NA,NA,NA,NA,NA,3,0,29.8,0.043,0,33.1,0.041,0.900302115,1.048780488
57,131,34093272,Wijtenburg2021,Wijtenburg,2021,39,8.81,0.85,37,9.13,0.95,1,pfc,glu,chronic,0,23,19,53.85,32.35,34.2,12.4,30.5,10.5,NA,NA,NA,NA,NA,NA,NA,NA,336.7,7,0,50.4,0.032,0,51.7,0.031,0.974854932,1.032258065
58,62,https://www.ncbi.nlm.nih.gov/pubmed/?term=27069063,Xin2016,Xin,2016,25,13.47,1.59,33,14.18,0.98,NA,pfc,glu,fep,0,18,18,62.07,25.1,24.8,6.1,25.4,4.5,NA,NA,NA,NA,NA,NA,NA,NA,325,3,0,97,0.033,0,104,0.031,0.932692308,1.064516129
59,136,https://www.ncbi.nlm.nih.gov/pmc/articles/PMC4858505/pdf/sap-27-06-341.pdf,Yang2015,Yang,2015,22,2.78,1.4,23,2.29,1.06,NA,pfc,glu,fep,1,9,10,42.22,25.8,26.1,5.8,25.5,4.4,69.2,15.4,19.5,4.4,15.6,5.7,34.1,8.4,NA,3,NA,NA,NA,NA,NA,NA,NA,NA
60,9,http://www.ncbi.nlm.nih.gov/pubmed/9337777,Bartha1997,Bartha,1997,10,7.24,3.73,10,3.75,2.02,NA,pfc,gln,fep,1,8,8,80,25.35,24.4,5.1,26.3,6.4,NA,NA,NA,NA,NA,NA,NA,NA,NA,1.5,1,NA,NA,NA,NA,NA,NA,NA
61,12,https://www.ncbi.nlm.nih.gov/pubmed/26925800,Brandt2016,Brandt,2016,24,2.32,0.64,24,2.42,0.51,NA,pfc,gln,chronic,0,19,20,81.25,37.05,37.5,16.7,36.6,14.6,NA,NA,NA,NA,NA,NA,NA,NA,NA,7,NA,NA,NA,NA,NA,NA,NA,NA
62,14,http://www.ncbi.nlm.nih.gov/pubmed/19918243,Bustillo2010,Bustillo,2010,14,10.31,3.13,8,7.89,1.84,NA,pfc,gln,fep,1,12,8,83.33,28,27.2,8.9,28.8,9.7,NA,NA,NA,NA,NA,NA,NA,NA,NA,4,NA,NA,NA,NA,NA,NA,NA,NA
63,15,http://www.ncbi.nlm.nih.gov/pubmed/24402129,Bustillo2014,Bustillo,2014,72,4.7,2.52,76,3.77,1.79,NA,pfc,gln,chronic,0,71,54,75.76,35.95,36.7,13.9,35.2,11.8,62.25,NA,14.5,5.6,15.1,5.6,30.52,NA,NA,3,0,36.3,0.05,0,42.2,0.04,0.860189573,1.25
64,16,PMID:29276351 | PMCID:PMC5738516,Chen2017,Chen,2017,24,2.46,1.66,24,4.36,1.9,NA,pfc,gln,fep,1,5,5,41.67,27.7,28.8,NA,26.6,NA,82.8,11.6,22.7,5.8,19.9,5.6,40.5,5.6,NA,3,NA,NA,NA,0,NA,NA,NA,NA
65,10,PMID:<U+00A0>32928500,Bojesen2021,Bojesen,2021,40,3.7,0.76,40,3.65,0.6,NA,pfc,gln,fep,1,24,22,43,22.45,22.7,5,22.2,4.1,75.9,14.3,18.8,4.4,19.9,5.3,37.1,7.3,NA,3,0,31.6,0.03,0,31.9,0.026,0.990595611,1.153846154
66,130,34226485,Godlewska2021,Godlewska,2021,14,3.39,0.16,18,3.93,0.11,NA,pfc,gln,fep,0,17,18,100,26.35,25.6,1.1,27.1,0.8,58,2.5,14.5,0.8,14.4,1,29.1,1.2,NA,7,0,35.93,0.037,0,34.5,0.037,1.041449275,1
67,25,31626702,Hjelmervik2020,Hjelmervik,2020,33,4.22,2.39,33,4.31,2.28,NA,pfc,gln,chronic,0,NA,NA,NA,30.03,29.83,11.48,30.23,10.23,62.48,17.63,15.53,5.51,15.03,5.02,31.91,9.7,NA,3,0,40.51,0.06,0,41.46,0.06,0.977086348,1
68,28,http://www.ncbi.nlm.nih.gov/pubmed/21914645,Jessen2013,Jessen,2013,20,0.28,0.08,20,0.25,0.08,NA,pfc,gln,chronic,0,14,11,62.5,32.6,34.5,10.2,30.7,9.1,51,11.3,10.8,3.5,13.9,3.9,26.4,6.2,NA,3,NA,NA,NA,1,NA,NA,NA,NA
69,23,29934548,Kumar2020,Kumar,2020,27,1.48,0.36,42,1.66,0.31,NA,pfc,gln,chronic,0,20,29,67.92,27.535,28,6.54,27.89,7.54,NA,NA,NA,NA,NA,NA,NA,NA,NA,7,0,32.4,17.58,1,33.76,16.98,0.95971564,1.035335689
70,49,http://www.ncbi.nlm.nih.gov/pubmed/18602089,Ongur2008,Ongur,2008,17,0.449,0.284,21,0.4,0.196,NA,pfc,gln,chronic,0,10,11,55.26,38.05,41.8,9.8,34.3,10,86,19.8,22.1875,NA,18.125,NA,39.875,NA,542,4,0,NA,9.4,1,NA,9.9,NA,0.949494949
71,52,PMID:29385594,Reid2018,Reid,2018,21,1.82,0.32,21,1.91,0.23,NA,pfc,gln,fep,0,16,16,76.19,23.35,23.2,4.4,23.5,4.5,NA,NA,NA,NA,NA,NA,NA,NA,NA,7,0,31.7,0.03,0,35,0.03,0.905714286,1
72,53,https://www.ncbi.nlm.nih.gov/pubmed/?term=27898072,Rowlandb2016,Rowlandb,2016,27,1.9,0.28,29,1.8,0.36,NA,pfc,gln,chronic,0,17,14,55.36,32.05,34.4,13.1,29.7,9.4,NA,NA,NA,NA,NA,NA,NA,NA,381.1,7,0,46.7,0.032,0,50.3,0.031,0.928429423,1.032258065
73,134,26720179,Rowland2016,Rowland,2016,45,2.2,0.4,53,2.3,0.4,NA,pfc,gln,chronic,0,29,32,62.24,37.4,37.7,12.8,37.1,13.1,NA,NA,NA,NA,NA,NA,NA,NA,NA,3,0,30,0.037,0,36.5,0.037,0.821917808,1
74,54,http://www.ncbi.nlm.nih.gov/pubmed/19850131,Shirayama2010,Shirayama,2010,19,3.4,0.72,18,2.99,0.7,NA,pfc,gln,chronic,0,12,14,70.27,30.95,30.5,5.6,31.4,8.4,NA,NA,NA,NA,NA,NA,NA,NA,267,3,NA,NA,NA,NA,NA,NA,NA,NA
75,56,https://www.ncbi.nlm.nih.gov/pubmed/28243459,Taylor2017,Taylor,2017,16,2,1,18,2,0.5,NA,pfc,gln,chronic,0,13,11,70.59,23.3,22.7,2.9,23.9,4.6,NA,NA,NA,NA,NA,NA,NA,NA,358,7,0,NA,12.8,1,NA,13.2,NA,0.96969697
76,57,http://www.ncbi.nlm.nih.gov/pubmed/19097753,Tayoshi2009,Tayoshi,2009,30,4.9,1.8,25,5.6,2.3,NA,pfc,gln,chronic,0,14,13,49.09,34.35,33.8,9.5,34.9,10.7,55.2,9.66,12.5,3.5,15,5.4,27.7,7.2,383.3,3,NA,NA,NA,NA,NA,NA,NA,NA
77,58,http://www.ncbi.nlm.nih.gov/pubmed/16320095,Terpstra2005,Terpstra,2005,12,3.1,0.8,8,3.1,0.7,NA,pfc,gln,chronic,0,8,4,54,25.5,26,5,25,5,NA,NA,NA,NA,NA,NA,NA,NA,NA,4,NA,NA,NA,NA,NA,NA,NA,NA
78,59,http://www.ncbi.nlm.nih.gov/pubmed/12411236,Theberge2002,Theberge,2002,20,8.67,1.85,20,7.42,1.6,NA,pfc,gln,fep,1,14,14,66.67,26,26,14,26,7,NA,NA,NA,NA,NA,NA,NA,NA,NA,4,NA,NA,NA,NA,NA,NA,NA,NA
79,60,http://www.ncbi.nlm.nih.gov/pubmed/14638596,Theberge2003,Theberge,2003,21,7,2.13,21,8.76,2.77,NA,pfc,gln,chronic,0,20,20,95.24,35,37,11,33,12,NA,NA,NA,NA,NA,NA,NA,NA,NA,4,NA,NA,NA,NA,NA,NA,NA,NA
80,42,30624573,Wang2019,Wang,2019,74,1.78,0.29,89,1.76,0.33,NA,pfc,gln,fep,0,57,42,58.26,22.8,22.3,4.4,23.3,3.9,NA,NA,NA,NA,NA,NA,NA,NA,188,7,0,49.2,0.031,0,51.2,0.029,0.9609375,1.068965517
81,43,https://www.ncbi.nlm.nih.gov/pubmed/?term=27562377,Wijtenburg2017,Wijtenburg,2017,48,2.34,0.5,54,2.19,0.4,NA,pfc,gln,chronic,0,34,25,57.84,25.2,25.2,4.5,25.2,4.8,NA,NA,NA,NA,NA,NA,NA,NA,NA,3,0,33.7,0.038,0,36.5,0.034,0.923287671,1.117647059
82,43,https://www.ncbi.nlm.nih.gov/pubmed/?term=27562377,Wijtenburg2017,Wijtenburg,2017,47,2.57,1,39,2.39,0.5,NA,pfc,gln,chronic,0,26,25,59.3,50.35,49.5,5.4,51.2,5.7,NA,NA,NA,NA,NA,NA,NA,NA,NA,3,0,29.8,0.043,0,33.1,0.041,0.900302115,1.048780488
83,131,34093272,Wijtenburg2021,Wijtenburg,2021,39,2.06,0.41,37,1.97,0.41,NA,pfc,gln,chronic,0,23,19,53.85,32.35,34.2,12.4,30.5,10.5,NA,NA,NA,NA,NA,NA,NA,NA,336.7,7,0,50.4,0.032,0,51.7,0.031,0.974854932,1.032258065
84,136,https://www.ncbi.nlm.nih.gov/pmc/articles/PMC4858505/pdf/sap-27-06-341.pdf,Yang2015,Yang,2015,22,4.07,2.6,23,3.71,1.36,NA,pfc,gln,fep,1,9,10,42.22,25.8,26.1,5.8,25.5,4.4,69.2,15.4,19.5,4.4,15.6,5.7,34.1,8.4,NA,3,NA,NA,NA,NA,NA,NA,NA,NA
85,138,https://www.nature.com/articles/s41398-020-0700-6,Birur2020,Birur,2020,20,0.22,0.06,18,0.22,0.05,NA,pfc,glx,fep,1,NA,NA,63,22.73,22.73,5.52,22.95,5.01,NA,NA,NA,NA,NA,NA,NA,NA,NA,3,0,13.72,6.86,1,15.18,6.46,0.903820817,1.061919505
86,128,PMID:<U+00A0>34163382,Bustillo2021,Bustillo,2021,48,17.028,2.968,51,16.208,2.589,NA,pfc,glx,fep,0,34,29,63.64,23.05,22.4,3.9,23.7,4.2,NA,NA,16,5,16.3,5.2,NA,NA,126,3,NA,NA,NA,0,NA,NA,NA,NA
87,71,26305477,Batalla2015,Batalla,2015,10,7.8,1.1,6,9.2,1.1,NA,pfc,glx,fep,1,5,3,50,23.1,23.9,1.2,22.3,0.8,117.4,6.9,28.6,1.4,30.2,2.5,58.7,4.5,NA,3,0,66.6,0.042,0,68.5,0.049,0.972262774,0.857142857
88,20,29880882,Egerton2018,Egerton,2018,26,1.9,0.26,36,1.94,0.24,NA,pfc,glx,fep,0,20,26,74.19,27.85,27.4,5.73,28.2,4.28,65.42,12.7,19.19231,4.92,13.61538,4.45,32.61538,6.6,NA,3,NA,NA,NA,0,NA,NA,NA,NA
89,20,29880882,Egerton2018,Egerton,2018,31,1.62,0.32,15,1.54,0.23,NA,pfc,glx,fep,0,15,9,52.17,22.86957,21.8,3.07,25.1,3.15,83.16,17.9,21.41935,5.9,20.6129,5.72,41.12903,8.25,NA,3,NA,NA,NA,0,NA,NA,NA,NA
90,20,29880882,Egerton2018,Egerton,2018,13,1.48,0.18,9,1.6,0.23,NA,pfc,glx,fep,0,14,4,81.82,25.29167,25.9,5.83,24.3,2.29,70.4,15.28,19.4,4.21,16.26667,7.69,34.73333,7.98,NA,3,NA,NA,NA,0,NA,NA,NA,NA
91,75,31129143,Bartolomeo2019,Bartolomeo,2019,34,4.93,1.44,19,4.07,1.18,NA,pfc,glx,fep,0,24,5,54.72,22.45,22,4.3,22.9,3.6,53.7,13.6,16.9,6.5,12.7,5.6,NA,NA,139.6,3,NA,NA,NA,NA,NA,NA,NA,NA
92,10,PMID:<U+00A0>32928500,Bojesen2021,Bojesen,2021,37,10.39,1.58,47,10.97,1.21,NA,pfc,glx,fep,1,24,22,43,22.45,22.7,5,22.2,4.1,75.9,14.3,18.8,4.4,19.9,5.3,37.1,7.3,NA,3,0,19.9,19.8,0,21,20,0.947619048,0.99
93,11,PMID:<U+00A0>31266965,Borgan2019,Borgan,2019,28,19.68251,3.229293,33,19.84782,4.110735,NA,pfc,glx,fep,0,38,47,77,26.67213,26.18,4.42,25.85,4.87,52.13,24.5,14.33,7.54,14.51,8.46,45,23.41,NA,3,0,24.1,0.037,0,23.17,0.04,1.04013811,0.925
94,76,31958975,Cen2020,Cen,2020,23,5.27,0.91,26,5.05,0.7,NA,pfc,glx,fep,1,9,11,40.82,26.45,27,6.5,25.9,4.6,76,20.2,21,5,17.1,6.6,37.8,10.8,NA,3,0,11.826,0.139,0,14.154,0.118,0.835523527,1.177966102
95,77,https://www.ncbi.nlm.nih.gov/pubmed/28751130,Chiu2017,Chiu,2017,19,12.86,3.25,14,7.88,1.39,NA,pfc,glx,fep,0,11,9,60.61,28.41,29.11,6.68,27.71,5.88,47.47,14.96,9.68,3.16,14.05,8.18,20.74,5.69,389.47,3,0,NA,2.95,1,NA,2.77,NA,1.064981949
96,78,25732147,Coughlin2015,Coughlin,2015,25,1.503,0.217,17,1.548,0.24,NA,pfc,glx,chronic,0,19,14,79.18,33.065,33.84,11.53,32.29,9.96,NA,NA,NA,NA,NA,NA,NA,NA,NA,3,NA,NA,NA,0,NA,NA,NA,NA
97,79,PMID:<U+00A0>33077854,Coughlin20202020,Coughlin2020,2020,46,1.49,0.21,50,1.58,0.21,NA,pfc,glx,chronic,0,34,34,70.83,33.115,34.17,11.8,32.06,11.28,NA,NA,NA,NA,NA,NA,NA,NA,381.33,3,0,33.35,5.95,1,36.42,5.93,0.915705656,1.003372681
98,80,PMID:29132653 | PMCID:PMC5809278,de la Fuente-Sandoval2018,de la Fuente-Sandoval,2018,28,1.91,0.35,18,1.66,0.27,NA,pfc,glx,fep,1,20,9,63.04,23,23,6.1,23,3.8,104.4,10.43,26.9,5.1,25.5,5.7,52,7.1,NA,3,0,18.77,11.63,1,19.75,11.72,0.950379747,0.992320819
99,18,http://www.ncbi.nlm.nih.gov/pubmed/23890739,Demjaha2014,Demjaha,2014,8,13.33,2.85,5,12.18,1.61,NA,pfc,glx,chronic,0,6,4,55.56,45.2,45.6,11.64,44.8,9.15,50.13,4.05,12.13,2.75,13.88,3.18,24.13,3.56,NA,3,NA,NA,NA,NA,NA,NA,NA,NA
100,18,http://www.ncbi.nlm.nih.gov/pubmed/23890740,Demjaha2014,Demjaha,2014,6,13.76,2.86,5,12.18,1.61,NA,pfc,glx,chronic,0,3,4,43.75,43.8,42.8,9.02,44.8,9.15,103.67,6.89,26,1.9,27.17,3.97,50.5,4.37,NA,3,NA,NA,NA,NA,NA,NA,NA,NA
101,81,http://www.ncbi.nlm.nih.gov/pubmed/14662552,Goto2012,Goto,2012,18,0.79,0.28,18,0.67,0.4,NA,pfc,glx,fep,0,9,9,50,30,31,12,29,11,68.1,17,15.9,4.2,17.2,5.3,34.2,10.1,NA,3,NA,NA,NA,NA,NA,NA,NA,NA
102,21,25603859,Goldstein2015,Goldstein,2015,14,2.31,0.16,4.333333333,2.4,0.17,NA,pfc,glx,chronic,0,12,4.333333333,80.33,32.4,30.7,7.2,34.1,7.9,59.9,11.1,13.4,5.3,17.1,5.8,29.5,5.9,426.5,3,NA,NA,NA,0,NA,NA,NA,NA
103,21,25603859,Goldstein2015,Goldstein,2015,14,2.12,0.16,4.333333333,2.4,0.17,NA,pfc,glx,chronic,0,12,4.333333333,76.56,33.9,33.7,8.6,34.1,7.9,59.7,15,11.4,5.5,19.7,6.7,28.6,6.6,446,3,NA,NA,NA,0,NA,NA,NA,NA
104,21,25603859,Goldstein2015,Goldstein,2015,9,2.28,0.19,4.333333333,2.4,0.17,NA,pfc,glx,chronic,0,9,4.333333333,81.63,34.55,35,7.3,34.1,7.9,62.4,12.5,14,5.8,20,6.9,28.4,4.2,855.4,3,NA,NA,NA,0,NA,NA,NA,NA
105,25,31626702,Hjelmervik2020,Hjelmervik,2020,38,20.18,3.33,37,19.83,3.59,NA,pfc,glx,chronic,0,NA,NA,NA,30.03,29.83,11.48,30.23,10.23,62.48,17.63,15.53,5.51,15.03,5.02,31.91,9.7,NA,3,0,40.51,0.06,0,41.46,0.06,0.977086348,1
106,26,30389132,Iwata2019,Iwata,2019,26,21.92,3.14,8.666666667,20.06,2.06,NA,pfc,glx,chronic,0,21,19,76.95,42.95,45.1,12.9,40.8,13.2,82.8,11.7,22.5,3.9,20.9,4.2,39.5,7,643.2,3,0,19.2,6.4,1,22.6,6.7,0.849557522,0.955223881
107,26,30389132,Iwata2019,Iwata,2019,27,21.3,1.61,8.666666667,20.06,2.06,NA,pfc,glx,chronic,0,19,19,71.75,40.65,40.5,11.2,40.8,13.2,56.1,10.9,11.5,2,16.1,4.8,28.5,5.6,527.1,3,0,20,6.7,1,22.6,6.7,0.884955752,1
108,26,30389132,Iwata2019,Iwata,2019,21,20.71,2.46,8.666666667,20.06,2.06,NA,pfc,glx,chronic,0,16,19,74.65,43.55,46.3,12.7,40.8,13.2,57.2,9.5,10.9,2.3,16,3.6,30.3,4.7,443.1,3,0,21,6.9,1,22.6,6.7,0.92920354,1.029850746
109,27,PMID:<U+00A0>30236864,Jauhar2018,Jauhar,2018,26,17.24325,2.322196,20,17.63364,1.997029,NA,pfc,glx,fep,0,22,13,72,24.45,25.4,3.9,23.5,4.1,69.2,19.1,18.4,6.6,15.4,6.1,35.1,9,NA,3,NA,NA,NA,0,NA,NA,NA,NA
110,28,http://www.ncbi.nlm.nih.gov/pubmed/21914645,Jessen2013,Jessen,2013,20,2.11,0.3,20,2.06,0.33,NA,pfc,glx,chronic,0,14,11,62.5,32.6,34.5,10.2,30.7,9.1,51,11.3,10.8,3.5,13.9,3.9,26.4,6.2,NA,3,NA,NA,NA,1,NA,NA,NA,NA
111,29,http://www.ncbi.nlm.nih.gov/pubmed/22213769,Kegeles2012,Kegeles,2012,16,0.153,0.037,11,0.129,0.023,NA,pfc,glx,chronic,0,11,14,66.6,32.5,32,11,33,8,71,15,NA,NA,NA,NA,NA,NA,NA,3,NA,NA,NA,NA,NA,NA,NA,NA
112,29,http://www.ncbi.nlm.nih.gov/pubmed/22213769,Kegeles2012,Kegeles,2012,16,0.134,0.032,11,0.129,0.023,NA,pfc,glx,chronic,0,11,14,66.6,32.5,32,10,33,8,57,8,NA,NA,NA,NA,NA,NA,NA,3,NA,NA,NA,NA,NA,NA,NA,NA
113,30,http://www.ncbi.nlm.nih.gov/pubmed/22805603,Kraguljac2012,Kraguljac,2012,46,0.69,0.08,46,0.69,0.08,NA,pfc,glx,chronic,0,33,26,68,37.085,38.02,12.4,36.15,12,58,NA,NA,NA,NA,NA,NA,NA,NA,3,NA,NA,NA,NA,NA,NA,NA,NA
114,31,30630705,Kraguljac2019,Kraguljac,2019,61,0.7,0.07,31,0.71,0.08,NA,pfc,glx,chronic,0,44,22,71.53,28.21,27.84,8.69,28.58,9.81,NA,NA,NA,NA,NA,NA,NA,NA,NA,3,0,10.97,4.82,1,11.32,4.8,0.969081272,1.004166667
115,5,30301944,Legind2019,Legind,2019,28,13.54,1.52,49,13.8,1.61,NA,pfc,glx,chronic,0,19,26,58.44,39.65,38.6,9.8,40.7,11.2,62.9,19.9,15,5.8,16.7,7.4,31.2,9.4,NA,3,0,22.75,0.05,0,29.08,0.04,0.782324622,1.25
116,5,30301944,Legind2019,Legind,2019,22,13.72,2.35,36,13.84,1.36,NA,pfc,glx,chronic,0,11,22,56.9,42.2,43.2,9.5,41.2,9.7,60.6,20.7,14.1,6.4,15.5,7.4,31.1,9.7,NA,3,0,27.95,0.04,0,29.89,0.04,0.93509535,1
117,32,https://www.ncbi.nlm.nih.gov/pubmed/26903078,Liemburg2016,Liemburg,2016,31,10.87,1.52,18,10.87,1.25,NA,pfc,glx,fep,0,22,24,68.66,26.8,26.5,8.8,27.1,10.3,62.5,9.84,14.2,4.5,17.1,5.5,31.2,6.8,NA,3,1,NA,NA,NA,NA,NA,NA,NA
118,32,https://www.ncbi.nlm.nih.gov/pubmed/26903078,Liemburg2016,Liemburg,2016,60,10,1.62,18,10.87,1.25,NA,pfc,glx,chronic,0,48,24,75,32.4,37.7,10.5,27.1,10.3,62.4,9.55,14.4,4.5,16.1,5.1,31.9,6.7,NA,3,1,NA,NA,NA,NA,NA,NA,NA
119,33,http://www.ncbi.nlm.nih.gov/pubmed/24023252,Natsubori2014,Natsubori,2014,19,12.39,2.35,19,12.39,2.29,NA,pfc,glx,fep,0,14,14,73.68,25.85,25.4,6.3,26.3,1.5,71.3,9.85,16,4.5,18.8,4.8,36.4,7.4,NA,3,0,12,0.068,0,11.2,0.067,1.071428571,1.014925373
120,33,http://www.ncbi.nlm.nih.gov/pubmed/24023253,Natsubori2014,Natsubori,2014,25,10.96,2.85,28,12.62,2.5,NA,pfc,glx,chronic,0,15,17,60.38,32.75,32.7,8.6,32.8,4.3,76.1,15.53,16.2,6,21.6,7.1,38.4,11.3,NA,3,0,8.7,0.089,0,11.8,0.075,0.737288136,1.186666667
121,34,http://www.ncbi.nlm.nih.gov/pubmed/18799290,Ohrmann2008,Ohrmann,2008,43,8.3,3.28,37,7.71,2.25,NA,pfc,glx,chronic,0,33,24,71.25,27.55,27.9,8.2,27.2,5.9,65.1,15.2,14.1,4.2,16.2,5.4,34.8,8.3,NA,1.5,NA,NA,NA,NA,NA,NA,NA,NA
122,129,34282130,Onwordi2021,Onwordi,2021,18,1.31,0.05,22,1.29,0.03,NA,pfc,glx,chronic,0,15,21,90,39.56,40.89,2.75,38.23,2.59,NA,NA,NA,NA,NA,NA,NA,NA,NA,3,0,40,0.06,0,45.68,0.04,0.875656743,1.5
123,35,30820633,Pillinger2019,Pillinger,2019,19,22.69,7.05,18,20.37,4.19,NA,pfc,glx,chronic,0,16,15,83.78,37.98,39.68,10.92,36.28,9.17,72.47,10.19,18.47,3.03,19.58,5.48,34.42,7.96,NA,3,NA,NA,NA,NA,NA,NA,NA,NA
124,36,http://www.ncbi.nlm.nih.gov/pubmed/19052539,Rowland2009,Rowland,2009,9,9.6,2,5.5,10.7,2.5,NA,pfc,glx,chronic,0,8,8,76.19,38.5,40,6,37,10,61,NA,NA,NA,NA,NA,NA,NA,NA,3,NA,NA,NA,0,NA,NA,NA,NA
125,36,http://www.ncbi.nlm.nih.gov/pubmed/19052539,Rowland2009,Rowland,2009,9,11.1,2.4,5.5,10.7,2.5,NA,pfc,glx,chronic,0,8,8,76.19,40,43,6,37,10,66,NA,NA,NA,NA,NA,NA,NA,NA,3,NA,NA,NA,0,NA,NA,NA,NA
126,37,http://www.ncbi.nlm.nih.gov/pubmed/23081992,Rowland2013,Rowland,2013,11,9.3,2.4,10,10,1.1,NA,pfc,glx,chronic,0,9,5,66.66,31.8,30.2,6.6,33.4,6.5,63,NA,NA,NA,NA,NA,NA,NA,NA,3,NA,NA,NA,0,NA,NA,NA,NA
127,37,http://www.ncbi.nlm.nih.gov/pubmed/23081992,Rowland2013,Rowland,2013,10,8.27,2.3,10,9.72,1.2,NA,pfc,glx,chronic,0,7,7,70,50.25,51.1,4,49.4,3.9,57,NA,NA,NA,NA,NA,NA,NA,NA,3,NA,NA,NA,0,NA,NA,NA,NA
128,38,PMID:<U+00A0>33429152,Smesny2021,Smesny,2021,29,11.76,1.655,26,12.407,1.509,NA,pfc,glx,fep,1,12,14,47.61,25.5,25.8,5.4,25.2,4.7,NA,NA,NA,NA,NA,NA,NA,NA,NA,3,0,30.5,6.3,1,28.6,7.5,1.066433566,0.84
129,39,31842203,Tarumi2020,Tarumi,2020,25,21.17,3.1,14,19.18,2.19,NA,pfc,glx,chronic,0,12,13,44,43.8,43.9,11.6,43.7,11.7,111.2,20.4,26.8,4.8,31,6.2,53.4,11.5,958.5,3,0,20.1,0.03,0,24.9,0.03,0.807228916,1
130,39,31842203,Tarumi2020,Tarumi,2020,26,20.68,2.06,14,19.18,2.19,NA,pfc,glx,chronic,0,14,13,45.5,43.05,42.4,12.6,43.7,11.7,49.8,13.7,9.9,2.6,14.4,6,25.5,6.4,412.4,3,0,22,0.03,0,24.9,0.03,0.883534137,1
131,40,http://www.ncbi.nlm.nih.gov/pubmed/23791390,Thomas1998,Thomas,1998,12,1.09,0.3,12,1.23,0.36,NA,pfc,glx,fep,1,7,6,54.17,12.5,14,3,11,3,NA,NA,NA,NA,NA,NA,NA,NA,NA,1.5,NA,NA,NA,NA,NA,NA,NA,NA
132,41,https://www.ncbi.nlm.nih.gov/pubmed/?term=28003912,Wang2016,Wang,2016,16,12.75,2.66,23,16.57,3.17,1,pfc,glx,fep,1,8,11,48.72,22.325,22.13,5.49,22.52,5.5,NA,NA,NA,NA,NA,NA,NA,NA,NA,3,0,20.81,0.11,0,22.43,0.11,0.927775301,1
133,42,30624573,Wang2019,Wang,2019,75,9.64,0.84,88,9.95,0.75,NA,pfc,glx,fep,0,57,42,58.26,22.8,22.3,4.4,23.3,3.9,NA,NA,NA,NA,NA,NA,NA,NA,188,7,0,49.2,0.031,0,51.2,0.029,0.9609375,1.068965517
134,43,https://www.ncbi.nlm.nih.gov/pubmed/?term=27562377,Wijtenburg2017,Wijtenburg,2017,48,11.49,1.1,54,11.7,1,NA,pfc,glx,chronic,0,34,25,57.84,25.2,25.2,4.5,25.2,4.8,NA,NA,NA,NA,NA,NA,NA,NA,NA,3,0,33.7,0.038,0,36.5,0.034,0.923287671,1.117647059
135,43,https://www.ncbi.nlm.nih.gov/pubmed/?term=27562377,Wijtenburg2017,Wijtenburg,2017,47,10.6,1.4,39,11,1.1,NA,pfc,glx,chronic,0,26,25,59.3,50.35,49.5,5.4,51.2,5.7,NA,NA,NA,NA,NA,NA,NA,NA,NA,3,0,29.8,0.043,0,33.1,0.041,0.900302115,1.048780488
136,44,http://www.ncbi.nlm.nih.gov/pubmed/17574388,Wood2007,Wood,2007,15,9.92,1.13,14,9.52,2.04,NA,pfc,glx,chronic,0,15,14,100,32.5,33.47,8.53,31.5,7.46,58.13,12,14.2,4.11,14.8,5.83,29.13,5.89,NA,3,0,14.1,0.074,0,14.5,0.067,0.972413793,1.104477612
137,17,PMID:<U+00A0>32385970,Corcoran2020,Corcoran,2020,20,7.36,1.18,34,8.2,1.36,NA,dlpfc,glu,chronic,0,33,23,63.38,39.455,38.33,10.47,38.29,14.44,NA,NA,NA,NA,NA,NA,NA,NA,NA,3,NA,NA,NA,NA,NA,NA,NA,NA
138,45,http://www.ncbi.nlm.nih.gov/pubmed/21738766,Da Silva2 20112011,Da Silva2 2011,2011,11,6.39,1.32,23,6.44,1.35,1,dlpfc,glu,chronic,0,8,12,58.82,30.235,29.25,8.24,31.22,9.51,58.95,21.85,10.69,3.81,17.55,8.21,30.69,11.94,NA,3,NA,NA,NA,NA,NA,NA,NA,NA
139,130,34226485,Godlewska2021,Godlewska,2021,14,8.87,0.17,16,9,0.65,NA,dlpfc,glu,fep,0,17,18,100,26.35,25.6,1.1,27.1,0.8,58,2.5,14.5,0.8,14.4,1,29.1,1.2,NA,7,0,33.57,0.031,0,35,0.033,0.959142857,0.939393939
140,21,25603859,Goldstein2015,Goldstein,2015,15,1.23,0.05,5.333333333,1.12,0.05,NA,dlpfc,glu,chronic,0,12,4.333333333,80.33,32.4,30.7,7.2,34.1,7.9,59.9,11.1,13.4,5.3,17.1,5.8,29.5,5.9,426.5,3,NA,NA,NA,0,NA,NA,NA,NA
141,21,25603859,Goldstein2015,Goldstein,2015,16,1.17,0.05,5.333333333,1.12,0.05,NA,dlpfc,glu,chronic,0,12,4.333333333,76.56,33.9,33.7,8.6,34.1,7.9,59.7,15,11.4,5.5,19.7,6.7,28.6,6.6,446,3,NA,NA,NA,0,NA,NA,NA,NA
142,21,25603859,Goldstein2015,Goldstein,2015,11,1.08,0.06,5.333333333,1.12,0.05,NA,dlpfc,glu,chronic,0,9,4.333333333,81.63,34.55,35,7.3,34.1,7.9,62.4,12.5,14,5.8,20,6.9,28.4,4.2,855.4,3,NA,NA,NA,0,NA,NA,NA,NA
143,26,30389132,Iwata2019,Iwata,2019,21,13.55,1.6,8.666666667,13.94,1.32,NA,dlpfc,glu,chronic,0,21,19,76.95,42.95,45.1,12.9,40.8,13.2,82.8,11.7,22.5,3.9,20.9,4.2,39.5,7,643.2,3,0,29.9,7.4,1,33.2,8.5,0.90060241,0.870588235
144,26,30389132,Iwata2019,Iwata,2019,22,13.87,1.62,8.666666667,13.94,1.32,NA,dlpfc,glu,chronic,0,19,19,71.75,40.65,40.5,11.2,40.8,13.2,56.1,10.9,11.5,2,16.1,4.8,28.5,5.6,527.1,3,0,29.5,7.6,1,33.2,8.5,0.888554217,0.894117647
145,26,30389132,Iwata2019,Iwata,2019,21,14.65,1.26,8.666666667,13.94,1.32,NA,dlpfc,glu,chronic,0,16,19,74.65,43.55,46.3,12.7,40.8,13.2,57.2,9.5,10.9,2.3,16,3.6,30.3,4.7,443.1,3,0,30.8,8.2,1,33.2,8.5,0.927710843,0.964705882
146,82,31521336,Kaminski2020,Kaminski,2020,36,7.94,1.22,17.5,8.22,0.9,NA,dlpfc,glu,chronic,0,30,29,71.95,35.025,35.66,7.78,34.39,8.53,86.97,20.83,21.1,6.67,23.32,7.24,42.31,10.41,364.3,3,NA,NA,NA,NA,NA,NA,NA,NA
147,82,31521336,Kaminski2020,Kaminski,2020,19,7.89,0.84,17.5,8.22,0.9,NA,dlpfc,glu,chronic,0,16,29,70.15,33.715,33.04,9.92,34.39,8.53,108.68,16.78,25.09,4.41,30.65,6.77,52.3,9.16,NA,3,NA,NA,NA,NA,NA,NA,NA,NA
148,135,31138893,Lesh2021,Lesh,2021,33,1.19936,0.125688,38,1.20711,0.131775,NA,dlpfc,glu,fep,0,25,27,68.42,21.66760563,21.4,3.4,21.9,2.8,NA,NA,NA,NA,NA,NA,NA,NA,226.64,3,0,41.9,0.0385,0,41.2,0.0374,1.016990291,1.029411765
149,83,31864216,Ragland2020,Ragland,2020,38,0.894,0.104,49,0.906,0.091,NA,dlpfc,glu,fep,0,28,34,68.5,23.85,23.5,4.6,24.2,4.7,NA,NA,NA,NA,NA,NA,NA,NA,NA,3,0,33.2,0.041,0,33,0.042,1.006060606,0.976190476
150,55,https://www.ncbi.nlm.nih.gov/pubmed/?term=26255566,Smesny2015,Smesny,2015,31,9.082,0.682,31,8.517,1.072,NA,dlpfc,glu,fep,1,16,15,50,25.695,25.97,4.95,25.42,5.18,58.7,7.7,31.8,3.5,27.5,9.2,41.7,8.1,NA,3,NA,NA,NA,1,NA,NA,NA,NA
151,38,PMID:<U+00A0>33429152,Smesny2021,Smesny,2021,29,9.757,1.44,26,10.918,1.588,NA,dlpfc,glu,fep,1,12,14,47.61,25.5,25.8,5.4,25.2,4.7,NA,NA,NA,NA,NA,NA,NA,NA,NA,3,0,18.4,6.1,1,17.6,6,1.045454545,1.016666667
152,84,http://www.ncbi.nlm.nih.gov/pubmed/8938914,Stanley1996,Stanley,1996,13,9.681,2.276,8,8.988,1.918,NA,dlpfc,glu,fep,1,11,24,94.59,29,26,7,32,11,NA,NA,NA,NA,NA,NA,NA,NA,NA,1.5,NA,NA,NA,NA,NA,NA,NA,NA
153,84,http://www.ncbi.nlm.nih.gov/pubmed/8938915,Stanley1996,Stanley,1996,12,10.365,2.128,8,8.988,1.918,NA,dlpfc,glu,fep,0,10,24,94.44,29,26,7,32,11,NA,NA,NA,NA,NA,NA,NA,NA,NA,1.5,NA,NA,NA,NA,NA,NA,NA,NA
154,84,http://www.ncbi.nlm.nih.gov/pubmed/8938915,Stanley1996,Stanley,1996,12,7.937,1.477,8,8.988,1.918,NA,dlpfc,glu,chronic,0,11,24,97.22,36.5,41,5,32,11,NA,NA,NA,NA,NA,NA,NA,NA,NA,1.5,NA,NA,NA,NA,NA,NA,NA,NA
155,85,http://www.ncbi.nlm.nih.gov/pubmed/17498928,Stanley2007,Stanley,2007,18,6.17,1.0489,61,6.66,1.41858,NA,dlpfc,glu,fep,1,13,39,65.82,23.7,23.4,6.5,24,6.6,93,NA,NA,NA,NA,NA,NA,NA,NA,1.5,0,9.8,3.45,1,9.3,3.5,1.053763441,0.985714286
156,42,30624573,Wang2019,Wang,2019,72,6.41,0.75,84,6.65,0.52,NA,dlpfc,glu,fep,0,57,42,58.26,22.8,22.3,4.4,23.3,3.9,NA,NA,NA,NA,NA,NA,NA,NA,188,7,0,37.5,0.035,0,39.5,0.033,0.949367089,1.060606061
157,131,34093272,Wijtenburg2021,Wijtenburg,2021,38,7.48,0.078,38,7.35,0.83,NA,dlpfc,glu,chronic,0,23,19,53.85,32.35,34.2,12.4,30.5,10.5,NA,NA,NA,NA,NA,NA,NA,NA,336.7,7,0,31.3,0.037,0,32.4,0.036,0.966049383,1.027777778
158,45,http://www.ncbi.nlm.nih.gov/pubmed/21738766,Da Silva2 20112011,Da Silva2 2011,2011,11,3.25,1.37,23,2.86,0.94,1,dlpfc,gln,chronic,0,8,12,58.82,30.235,29.25,8.24,31.22,9.51,58.95,21.85,10.69,3.81,17.55,8.21,30.69,11.94,NA,3,NA,NA,NA,NA,NA,NA,NA,NA
159,130,34226485,Godlewska2021,Godlewska,2021,14,2.48,0.14,16,2.8,0.1,NA,dlpfc,gln,fep,0,17,18,100,26.35,25.6,1.1,27.1,0.8,58,2.5,14.5,0.8,14.4,1,29.1,1.2,NA,7,0,33.57,0.031,0,35,0.033,0.959142857,0.939393939
160,28,http://www.ncbi.nlm.nih.gov/pubmed/21914645,Jessen2013,Jessen,2013,20,0.24,0.06,20,0.24,0.05,NA,dlpfc,gln,chronic,0,14,11,62.5,32.6,34.5,10.2,30.7,9.1,51,11.3,10.8,3.5,13.9,3.9,26.4,6.2,NA,3,NA,NA,NA,1,NA,NA,NA,NA
161,84,http://www.ncbi.nlm.nih.gov/pubmed/8938914,Stanley1996,Stanley,1996,13,4.397,1.961,8,5.118,1.71,NA,dlpfc,gln,fep,1,11,24,94.59,29,26,7,32,11,NA,NA,NA,NA,NA,NA,NA,NA,NA,1.5,NA,NA,NA,NA,NA,NA,NA,NA
162,84,http://www.ncbi.nlm.nih.gov/pubmed/8938915,Stanley1996,Stanley,1996,12,4.445,2.561,8,5.118,1.71,NA,dlpfc,gln,fep,0,10,24,94.44,29,26,7,32,11,NA,NA,NA,NA,NA,NA,NA,NA,NA,1.5,NA,NA,NA,NA,NA,NA,NA,NA
163,84,http://www.ncbi.nlm.nih.gov/pubmed/8938915,Stanley1996,Stanley,1996,12,6.553,1.862,8,5.118,1.71,NA,dlpfc,gln,chronic,0,11,24,97.22,36.5,41,5,32,11,NA,NA,NA,NA,NA,NA,NA,NA,NA,1.5,NA,NA,NA,NA,NA,NA,NA,NA
164,42,30624573,Wang2019,Wang,2019,68,1.4,0.29,77,1.38,0.29,NA,dlpfc,gln,fep,0,57,42,58.26,22.8,22.3,4.4,23.3,3.9,NA,NA,NA,NA,NA,NA,NA,NA,188,7,0,37.5,0.035,0,39.5,0.033,0.949367089,1.060606061
165,131,34093272,Wijtenburg2021,Wijtenburg,2021,38,1.59,0.4,36,1.4,0.35,NA,dlpfc,gln,chronic,0,23,19,53.85,32.35,34.2,12.4,30.5,10.5,NA,NA,NA,NA,NA,NA,NA,NA,336.7,7,0,31.3,0.037,0,32.4,0.036,0.966049383,1.027777778
166,86,http://www.ncbi.nlm.nih.gov/pubmed/10904141,Block2000,Block,2000,25,1.76,0.59,19,1.9,0.22,1,dlpfc,glx,chronic,0,18,7,56.82,37.9,35.6,8.3,40.2,15.3,NA,NA,NA,NA,NA,NA,NA,NA,NA,1.5,NA,NA,NA,NA,NA,NA,NA,NA
167,78,25732147,Coughlin2015,Coughlin,2015,25,1.396,0.23,16,1.369,0.206,NA,dlpfc,glx,chronic,0,19,14,79.18,33.065,33.84,11.53,32.29,9.96,NA,NA,NA,NA,NA,NA,NA,NA,NA,3,NA,NA,NA,NA,NA,NA,NA,NA
168,45,http://www.ncbi.nlm.nih.gov/pubmed/21738766,Da Silva2 20112011,Da Silva2 2011,2011,11,9.65,2.28,23,9.17,2.06,1,dlpfc,glx,chronic,0,8,12,58.82,30.235,29.25,8.24,31.22,9.51,58.95,21.85,10.69,3.81,17.55,8.21,30.69,11.94,NA,3,NA,NA,NA,NA,NA,NA,NA,NA
169,21,25603859,Goldstein2015,Goldstein,2015,15,1.5,0.06,5.333333333,1.3,0.06,NA,dlpfc,glx,chronic,0,12,4.333333333,80.33,32.4,30.7,7.2,34.1,7.9,59.9,11.1,13.4,5.3,17.1,5.8,29.5,5.9,426.5,3,NA,NA,NA,0,NA,NA,NA,NA
170,21,25603859,Goldstein2015,Goldstein,2015,16,1.37,0.06,5.333333333,1.3,0.06,NA,dlpfc,glx,chronic,0,12,4.333333333,76.56,33.9,33.7,8.6,34.1,7.9,59.7,15,11.4,5.5,19.7,6.7,28.6,6.6,446,3,NA,NA,NA,0,NA,NA,NA,NA
171,21,25603859,Goldstein2015,Goldstein,2015,11,1.24,0.07,5.333333333,1.3,0.06,NA,dlpfc,glx,chronic,0,9,4.333333333,81.63,34.55,35,7.3,34.1,7.9,62.4,12.5,14,5.8,20,6.9,28.4,4.2,855.4,3,NA,NA,NA,0,NA,NA,NA,NA
172,87,https://www.ncbi.nlm.nih.gov/pubmed/28640119,Huang2017,Huang,2017,58,1.74,1.16,43,1.37,0.67,NA,dlpfc,glx,fep,1,29,16,44.55,22.865,22.66,7.64,23.07,7.49,80.93,18.27,21.53,4.98,18.67,8.1,40.72,9.49,NA,3,NA,NA,NA,NA,NA,NA,NA,NA
173,26,30389132,Iwata2019,Iwata,2019,21,16.96,2.5,8.666666667,17,1.68,NA,dlpfc,glx,chronic,0,21,19,76.95,42.95,45.1,12.9,40.8,13.2,82.8,11.7,22.5,3.9,20.9,4.2,39.5,7,643.2,3,0,29.9,7.4,1,33.2,8.5,0.90060241,0.870588235
174,26,30389132,Iwata2019,Iwata,2019,22,17.12,2.13,8.666666667,17,1.68,NA,dlpfc,glx,chronic,0,19,19,71.75,40.65,40.5,11.2,40.8,13.2,56.1,10.9,11.5,2,16.1,4.8,28.5,5.6,527.1,3,0,29.5,7.6,1,33.2,8.5,0.888554217,0.894117647
175,26,30389132,Iwata2019,Iwata,2019,21,18.05,1.8,8.666666667,17,1.68,NA,dlpfc,glx,chronic,0,16,19,74.65,43.55,46.3,12.7,40.8,13.2,57.2,9.5,10.9,2.3,16,3.6,30.3,4.7,443.1,3,0,30.8,8.2,1,33.2,8.5,0.927710843,0.964705882
176,28,http://www.ncbi.nlm.nih.gov/pubmed/21914645,Jessen2013,Jessen,2013,20,1.93,0.23,20,1.89,0.25,NA,dlpfc,glx,chronic,0,14,11,62.5,32.6,34.5,10.2,30.7,9.1,51,11.3,10.8,3.5,13.9,3.9,26.4,6.2,NA,3,NA,NA,NA,1,NA,NA,NA,NA
177,29,http://www.ncbi.nlm.nih.gov/pubmed/22213769,Kegeles2012,Kegeles,2012,16,0.161,0.054,11,0.15,0.032,NA,dlpfc,glx,chronic,0,11,14,66,32.5,32,11,33,8,71,15,NA,NA,NA,NA,NA,NA,NA,3,NA,NA,NA,NA,NA,NA,NA,NA
178,29,http://www.ncbi.nlm.nih.gov/pubmed/22213769,Kegeles2012,Kegeles,2012,16,0.163,0.072,11,0.15,0.032,NA,dlpfc,glx,chronic,0,11,14,66,32.5,32,10,33,8,57,8,NA,NA,NA,NA,NA,NA,NA,3,NA,NA,NA,NA,NA,NA,NA,NA
179,88,http://www.ncbi.nlm.nih.gov/pubmed/15653258,Ohrmann2005,Ohrmann,2005,21,4.58,3.25,10.5,12.28,5.64,NA,dlpfc,glx,chronic,0,15,13,66.66,28.85,29.7,7.4,28,6.8,63,20.5,12.9,5.2,17.1,6.8,33,10.2,NA,1.5,NA,NA,NA,NA,NA,NA,NA,NA
180,88,http://www.ncbi.nlm.nih.gov/pubmed/15653259,Ohrmann2005,Ohrmann,2005,18,9.98,6.26,10.5,12.28,5.64,NA,dlpfc,glx,fep,1,13,13,66.66,28.65,29.3,7.3,28,6.8,85.9,15.5,21.8,5.7,19.4,7.2,43.7,7.9,NA,1.5,NA,NA,NA,NA,NA,NA,NA,NA
181,89,http://www.ncbi.nlm.nih.gov/pubmed/16949099,Ohrmann2007,Ohrmann,2007,20,4.62,3.33,10,12.51,5.68,NA,dlpfc,glx,chronic,0,14,13,67.5,29.2,30.3,7.3,28.1,6.5,61.9,15.9,13.1,4.7,16.7,5.9,32.3,7.7,NA,1.5,NA,NA,NA,NA,NA,NA,NA,NA
182,89,http://www.ncbi.nlm.nih.gov/pubmed/16949090,Ohrmann2007,Ohrmann,2007,15,10.41,6.43,10,12.51,5.68,NA,dlpfc,glx,fep,1,10,13,65.71,27.55,27,6.9,28.1,6.5,84.6,13.5,22,6.1,19.1,6.5,43.6,6.8,NA,1.5,NA,NA,NA,NA,NA,NA,NA,NA
183,34,http://www.ncbi.nlm.nih.gov/pubmed/18799290,Ohrmann2008,Ohrmann,2008,43,8.26,3.05,37,8.03,3.02,NA,dlpfc,glx,chronic,0,33,24,71.25,27.55,27.9,8.2,27.2,5.9,65.1,15.2,14.1,4.2,16.2,5.4,34.8,8.3,NA,1.5,NA,NA,NA,NA,NA,NA,NA,NA
184,38,PMID:<U+00A0>33429152,Smesny2021,Smesny,2021,29,14.9027,1.522,26,15.248,1.561,NA,dlpfc,glx,fep,1,12,14,47.61,25.5,25.8,5.4,25.2,4.7,NA,NA,NA,NA,NA,NA,NA,NA,NA,3,0,18.4,6.1,1,17.6,6,1.045454545,1.016666667
185,42,30624573,Wang2019,Wang,2019,71,7.82,0.9,85,7.95,0.73,NA,dlpfc,glx,fep,0,57,42,58.26,22.8,22.3,4.4,23.3,3.9,NA,NA,NA,NA,NA,NA,NA,NA,188,7,0,37.5,0.035,0,39.5,0.033,0.949367089,1.060606061
186,90,30787862,Xiang2019,Xiang,2019,20,9.635,2.549,26,10.934,2.614,NA,dlpfc,glx,fep,0,7,6,28.2,27.55,29.1,8,26,4.5,81.7,12,22.4,5.8,20.2,5.9,39.2,5.3,516.5,3,NA,NA,NA,NA,NA,NA,NA,NA
187,132,33693906,Bryant2021,Bryant,2021,35,10.93,1.44,28.5,10.13,1.43,NA,wm_pfc,glu,fep,1,20,38,58,24.165,24.23,6.5,24.1,5.79,NA,NA,NA,NA,NA,NA,NA,NA,NA,3,NA,NA,NA,NA,NA,NA,NA,NA
188,132,33693906,Bryant2021,Bryant,2021,22,10.13,1.43,28.5,10.13,1.43,NA,wm_pfc,glu,fep,1,20,38,78,23.685,23.27,5.51,24.1,5.79,NA,NA,NA,NA,NA,NA,NA,NA,NA,3,NA,NA,NA,NA,NA,NA,NA,NA
189,14,http://www.ncbi.nlm.nih.gov/pubmed/19918244,Bustillo2010,Bustillo,2010,10,8.78,2.13,10,9.01,1.51,NA,wm_pfc,glu,fep,1,12,8,83.33,28,27.2,8.9,28.8,9.7,NA,NA,NA,NA,NA,NA,NA,NA,NA,4,NA,NA,NA,NA,NA,NA,NA,NA
190,4,http://www.ncbi.nlm.nih.gov/pubmed/18645571,Lutkenhoff2010,Lutkenhoff,2010,9,4.17,1.7,21,5.53,2.04,1,wm_pfc,glu,chronic,0,5,12,56.67,52.25,48.8,11.5,55.7,3.8,NA,NA,NA,NA,NA,NA,NA,NA,NA,3,1,NA,NA,0,NA,NA,NA,NA
191,55,https://www.ncbi.nlm.nih.gov/pubmed/?term=26255566,Smesny2015,Smesny,2015,31,10.539,0.859,31,9.51,1.005,NA,wm_pfc,glu,fep,1,16,15,50,25.695,25.97,4.95,25.42,5.18,58.7,7.7,31.8,3.5,27.5,9.2,41.7,8.1,NA,3,NA,NA,NA,1,NA,NA,NA,NA
192,92,http://www.ncbi.nlm.nih.gov/pubmed/11111111,Tunc-Skarka2009,Tunc-Skarka,2009,17,6.84,1.08,26,6.52,1.11,NA,wm_pfc,glu,chronic,0,15,12,51.92,32.09,31.73,8.77,32.45,9.65,NA,NA,17.22,6.97,16.48,13.29,NA,NA,NA,3,NA,NA,NA,NA,NA,NA,NA,NA
193,93,https://www.nature.com/articles/tp201543,Chiappelli2015,Chiappelli,2015,38,7.62,1.28,36,7.69,1.3,NA,wm_pfc,glu,chronic,0,28,24,70.27,39.2,39.3,12.8,39.1,12.9,NA,NA,NA,NA,NA,NA,NA,NA,NA,3,0,26.3,0.049,0,28,0.044,0.939285714,1.113636364
194,14,http://www.ncbi.nlm.nih.gov/pubmed/19918244,Bustillo2010,Bustillo,2010,10,4.3,1.89,10,3.17,1.5,NA,wm_pfc,gln,fep,1,12,8,83.33,28,27.2,8.9,28.8,9.7,NA,NA,NA,NA,NA,NA,NA,NA,NA,4,NA,NA,NA,NA,NA,NA,NA,NA
195,94,https://www.ncbi.nlm.nih.gov/pubmed/27161760,Bernier2016,Bernier,2016,27,4.78,0.83,23,5.05,0.73,NA,wm_pfc,glx,fep,0,19,12,62,24.95,24.3,4.2,25.6,4,52.1,19.1,12.2,5.2,11.5,5,28.5,10,NA,4,0,66.1,8.7,1,69.4,8.41,0.952449568,1.034482759
196,95,http://www.ncbi.nlm.nih.gov/pubmed/17693392,Chang2007,Chang,2007,23,4.31,1.24,22,3.87,0.88,NA,wm_pfc,glx,chronic,0,NA,NA,NA,68.15,66.3,7.2,70,5.3,75.5,25.13,16.5,5.9,20,5.5,39,23.8,NA,4,NA,NA,NA,NA,NA,NA,NA,NA
197,96,http://www.ncbi.nlm.nih.gov/pubmed/9419488,Choe1994,Choe,1994,23,1.1,0.34,10,0.88,0.24,NA,wm_pfc,glx,chronic,1,NA,NA,NA,NA,NA,NA,NA,NA,NA,NA,NA,NA,NA,NA,NA,NA,NA,NA,NA,NA,NA,1,NA,NA,NA,NA
198,97,http://www.ncbi.nlm.nih.gov/pubmed/8761867,Choe1996,Choe,1996,55,0.73,0.23,20,0.59,0.13,NA,wm_pfc,glx,chronic,1,25,10,46.67,NA,NA,NA,NA,NA,NA,NA,NA,NA,NA,NA,NA,NA,NA,1.5,NA,NA,NA,NA,NA,NA,NA,NA
199,98,https://www.ncbi.nlm.nih.gov/pubmed/28546056,Curcic-Blake2017,Curcic-Blake,2017,22,10.5,1.4,15,10.9,1.2,NA,wm_pfc,glx,chronic,0,18,21,75,30.35,33.6,9,27.1,10.6,61.8,14.6,13.4,4.8,17,6.3,31.3,7.6,NA,3,0,21.2,0.04,0,22.7,0.04,0.933920705,1
200,98,https://www.ncbi.nlm.nih.gov/pubmed/28546056,Curcic-Blake2017,Curcic-Blake,2017,45,9.8,1.1,15,10.9,1.2,NA,wm_pfc,glx,chronic,0,34,21,73.33,29.3,31.5,10.8,27.1,10.6,61.3,12.9,14.7,4.4,15.6,5,31,6.8,NA,3,0,20.4,0.04,0,22.7,0.04,0.898678414,1
201,99,http://www.ncbi.nlm.nih.gov/pubmed/19179972,Galinska2009,Galinska,2009,30,2.06,0.42,19,2.33,0.63,NA,wm_pfc,glx,fep,0,20,13,67.35,22.5,22.5,3.6,22.5,3.3,80.2,13.7,17.9,4.6,22,6.6,40.3,6.4,377,1.5,NA,NA,NA,NA,NA,NA,NA,NA
202,100,30595760,Galinska2018,Galinska,2018,21,0.54,0.08,20,0.56,0.1,NA,wm_pfc,glx,chronic,0,11,10,51.22,37.355,37.76,8.04,36.95,7.41,86.28,11.02,NA,NA,NA,NA,NA,NA,NA,1.5,NA,NA,NA,NA,NA,NA,NA,NA
203,101,http://www.ncbi.nlm.nih.gov/pubmed/22432602,Ota2012,Ota,2012,22,7.2,1.3,13,7.1,1.3,NA,wm_pfc,glx,chronic,0,11,13,47.06,43.9,45,15.4,42.8,15.1,69.2,13.14,17.4,5.2,17.5,6.9,34.3,9.9,NA,1.5,NA,NA,NA,NA,NA,NA,NA,NA
204,101,http://www.ncbi.nlm.nih.gov/pubmed/22432603,Ota2012,Ota,2012,20,7.3,1,13,6.5,0.9,NA,wm_pfc,glx,chronic,0,12,13,51.02,42.05,41.3,11.2,42.8,15.1,56.2,12.36,11.7,4.7,15.8,6.5,28.7,9.4,NA,1.5,NA,NA,NA,NA,NA,NA,NA,NA
205,102,NA,Ota20152015,Ota2015,2015,17,6.8,1.1,22,7,1.3,NA,wm_pfc,glx,chronic,0,9,11,51.28,41.25,40.6,12.3,41.9,14.9,62.7,11.8,14.6,4.3,16.1,4.8,31.9,6.5,958.5,1.5,NA,NA,NA,NA,NA,NA,NA,NA
206,103,http://www.ncbi.nlm.nih.gov/pubmed/14727370,Szulc2004,Szulc,2004,31,2.05,0.57,6.5,2.22,0.66,NA,wm_pfc,glx,fep,0,21,NA,NA,23.39,22.55,3.5,24.23,1.36,79.71,13.43,17.61,4.43,22.03,6.53,39.74,6.67,NA,1.5,NA,NA,NA,NA,NA,NA,NA,NA
207,103,http://www.ncbi.nlm.nih.gov/pubmed/14727371,Szulc2004,Szulc,2004,17,2.24,0.8,6.5,2.22,0.66,NA,wm_pfc,glx,chronic,0,12,NA,NA,28.91,33.59,7.4,24.23,1.36,88.6,10.03,16.2,3.99,24.87,2.8,47.53,6.4,NA,1.5,NA,NA,NA,NA,NA,NA,NA,NA
208,104,http://www.ncbi.nlm.nih.gov/pubmed/21710405,Szulc2011,Szulc,2011,40,2.17,0.42,25,2.08,0.39,NA,wm_pfc,glx,chronic,0,30,16,67.65,31.05,32.2,6,29.9,5.3,94.7,13.4,18.5,4.8,26.1,3.4,49.8,8.6,NA,1.5,NA,NA,NA,NA,NA,NA,NA,NA
209,109,29867621,Balz2018,Balz,2018,19,9.193,1.106,21,8.151,1.231,NA,hip,glu,chronic,0,12,14,65,36.275,36.26,8.68,36.29,8.14,NA,NA,10.37,2.27,15.53,2.52,NA,NA,NA,3,NA,NA,NA,NA,NA,NA,NA,NA
210,25,31626702,Hjelmervik2020,Hjelmervik,2020,35,16.4,1.96,35,15.34,2.51,NA,hip,glu,chronic,0,NA,NA,NA,30.03,29.83,11.48,30.23,10.23,62.48,17.63,15.53,5.51,15.03,5.02,31.91,9.7,NA,3,0,33.71,0.07,0,31.76,0.08,1.061397985,0.875
211,22,31610406,Korenic2020,Korenic,2020,19,8.2,1.3,22,8.5,1.3,NA,hip,glu,chronic,0,12,14,63.41,29.95,33,1.8,26.9,9.8,NA,NA,NA,NA,NA,NA,NA,NA,NA,3,NA,NA,NA,0,NA,NA,NA,NA
212,110,http://www.ncbi.nlm.nih.gov/pubmed/10356621,Bartha1999,Bartha,1999,11,7.05,2.42,11,7.53,1.67,NA,hip,glu,fep,1,9,9,81.82,26.65,27.4,7.7,25.9,5.9,NA,NA,NA,NA,NA,NA,NA,NA,NA,1.5,0,30.8,6,1,27.1,6.2,1.136531365,0.967741935
213,45,http://www.ncbi.nlm.nih.gov/pubmed/21738766b,Da Silva2 20112011,Da Silva2 2011,2011,9,6.99,1.04,16,6.26,0.65,1,hip,glu,chronic,0,8,12,58.82,30.235,29.25,8.24,31.22,9.51,58.95,21.85,10.69,3.81,17.55,8.21,30.69,11.94,NA,3,NA,NA,NA,0,NA,NA,NA,NA
214,24,https://www.ncbi.nlm.nih.gov/pubmed/?term=26333842,Gallinat2016,Gallinat,2016,29,12.1,1.47,29,10.42,1.53,NA,hip,glu,chronic,0,19,19,65.52,29.25,27.6,6.8,30.9,8.4,72.7,11.87,17.8,6.7,19.5,5.2,35.4,8.3,NA,3,NA,NA,NA,0,NA,NA,NA,NA
215,4,http://www.ncbi.nlm.nih.gov/pubmed/18645572b,Lutkenhoff2010,Lutkenhoff,2010,9,7.54,1.9,21,9.26,5.67,1,hip,glu,chronic,0,5,12,56.67,52.25,48.8,11.5,55.7,3.8,NA,NA,NA,NA,NA,NA,NA,NA,NA,3,1,NA,NA,0,NA,NA,NA,NA
216,106,https://www.ncbi.nlm.nih.gov/pubmed/26088723,Nenadic2015,Nenadic,2015,9,10.014,3.152,21,10.303,2.076,NA,hip,glu,fep,1,11,23,56.67,24.055,24.28,2.421,23.83,3.099,53.2,6.3,30.4,4.9,29.1,8.1,44.3,7.2,NA,3,NA,NA,NA,NA,NA,NA,NA,NA
217,106,https://www.ncbi.nlm.nih.gov/pubmed/26088723,Nenadic2015,Nenadic,2015,9,10.095,2.53,21,9.878,2.628,NA,hip,glu,fep,1,11,23,56.67,24.055,24.28,2.421,23.83,3.099,53.2,6.3,30.4,4.9,29.1,8.1,44.3,7.2,NA,3,NA,NA,NA,NA,NA,NA,NA,NA
218,129,34282130,Onwordi2021,Onwordi,2021,18,0.93,0.04,22,0.97,0.03,NA,hip,glu,chronic,0,15,21,90,39.56,40.89,2.75,38.23,2.59,NA,NA,NA,NA,NA,NA,NA,NA,NA,3,0,14.17,0.07,0,14.59,0.06,0.97121316,1.166666667
219,107,https://www.ncbi.nlm.nih.gov/pubmed/30087434,Shakory2018,Shakory,2018,16,10.306,1.207,31,10.51,1.4,1,hip,glu,fep,1,15,13,59.57,23.35,24.5,5.8,22.2,3.1,NA,NA,16.5,4.7,12.4,4.8,NA,NA,NA,3,0,14.36,0.059,0,14.29,0.062,1.00489853,0.951612903
220,111,http://www.ncbi.nlm.nih.gov/pubmed/24912493,Stan2014,Stan,2014,18,0.82,0.09,16,0.88,0.08,NA,hip,glu,chronic,0,14,9,67.01,38.785,41.94,8.5,35.63,11.74,NA,NA,NA,NA,NA,NA,NA,NA,NA,3,NA,NA,NA,NA,NA,NA,NA,NA
221,112,PMID:29230507,Singh2018,Singh,2018,28,1.15,0.16,28,1.24,0.21,NA,hip,glu,chronic,0,12,14,46.43,32.665,33.89,9.34,31.44,7.36,NA,NA,NA,NA,NA,NA,NA,NA,488.14,3,NA,NA,NA,NA,NA,NA,NA,NA
222,131,34093272,Wijtenburg2021,Wijtenburg,2021,34,6.77,0.87,31,7.03,0.84,NA,hip,glu,chronic,0,23,19,53.85,32.35,34.2,12.4,30.5,10.5,NA,NA,NA,NA,NA,NA,NA,NA,336.7,7,0,11,0.06,0,12.2,0.063,0.901639344,0.952380952
223,25,31626702,Hjelmervik2020,Hjelmervik,2020,35,6.95,3.49,35,7.08,3.66,NA,hip,gln,chronic,0,NA,NA,NA,30.03,29.83,11.48,30.23,10.23,62.48,17.63,15.53,5.51,15.03,5.02,31.91,9.7,NA,3,0,33.71,0.07,0,31.76,0.08,1.061397985,0.875
224,110,http://www.ncbi.nlm.nih.gov/pubmed/10356621,Bartha1999,Bartha,1999,11,5.27,1.51,11,5.03,2.35,NA,hip,gln,fep,1,9,9,81.82,26.65,27.4,7.7,25.9,5.9,NA,NA,NA,NA,NA,NA,NA,NA,NA,1.5,0,30.8,6,1,27.1,6.2,1.136531365,0.967741935
225,45,http://www.ncbi.nlm.nih.gov/pubmed/21738766b,Da Silva2 20112011,Da Silva2 2011,2011,9,3.88,1.67,16,3.03,0.83,1,hip,gln,chronic,0,8,12,58.82,30.235,29.25,8.24,31.22,9.51,58.95,21.85,10.69,3.81,17.55,8.21,30.69,11.94,NA,3,NA,NA,NA,NA,NA,NA,NA,NA
226,131,34093272,Wijtenburg2021,Wijtenburg,2021,29,1.8,0.5,27,1.72,0.6,NA,hip,gln,chronic,0,23,19,53.85,32.35,34.2,12.4,30.5,10.5,NA,NA,NA,NA,NA,NA,NA,NA,336.7,7,0,11,0.06,0,12.2,0.063,0.901639344,0.952380952
227,115,32398671,Briend2020,Briend,2020,54,13.29,3.78,41,12.68,3.02,NA,hip,glx,fep,1,35,25,63.15,24.315,23.88,6.16,24.75,6.35,NA,NA,NA,NA,NA,NA,NA,NA,NA,3,NA,NA,NA,0,NA,NA,NA,NA
228,127,PMID:<U+00A0>32403117,Bustillo2020,Bustillo,2020,36,17.723,3.352,29,21.792,1.799,NA,hip,glx,fep,0,24,17,63.08,22.9,22.8,3.9,23,4.4,NA,NA,16.9,5,15.7,5.5,NA,NA,98,3,NA,NA,NA,NA,NA,NA,NA,NA
229,95,http://www.ncbi.nlm.nih.gov/pubmed/17693392,Chang2007,Chang,2007,23,6.44,1.87,22,4.92,1.33,NA,hip,glx,chronic,0,NA,NA,NA,68.15,66.3,7.2,70,5.3,75.5,25.13,16.5,5.9,20,5.5,39,23.8,NA,4,NA,NA,NA,NA,NA,NA,NA,NA
230,45,http://www.ncbi.nlm.nih.gov/pubmed/21738766b,Da Silva2 20112011,Da Silva2 2011,2011,9,10.87,1.66,16,9.29,0.94,1,hip,glx,chronic,0,8,12,58.82,30.235,29.25,8.24,31.22,9.51,58.95,21.85,10.69,3.81,17.55,8.21,30.69,11.94,NA,3,NA,NA,NA,NA,NA,NA,NA,NA
231,99,http://www.ncbi.nlm.nih.gov/pubmed/19179972,Galinska2009,Galinska,2009,30,2.55,0.59,19,2.46,0.73,NA,hip,glx,fep,0,20,13,67.35,22.5,22.5,3.6,22.5,3.3,80.2,13.7,17.9,4.6,22,6.6,40.3,6.4,377,1.5,NA,NA,NA,NA,NA,NA,NA,NA
232,100,30595760,Galinska2018,Galinska,2018,21,0.62,0.07,20,0.54,0.15,NA,hip,glx,chronic,0,11,10,51.22,37.355,37.76,8.04,36.95,7.41,86.28,11.02,NA,NA,NA,NA,NA,NA,NA,1.5,NA,NA,NA,NA,NA,NA,NA,NA
233,117,http://www.ncbi.nlm.nih.gov/pubmed/22047183,Hasan2014,Hasan,2014,46,2.404,0.64,24,2.574,0.691,NA,hip,glx,fep,0,19,29,54.28,33.595,28.36,7.82,38.83,12.06,91.91,17.99,21.7,6.01,22.43,7.04,47.78,NA,290,1.5,NA,NA,NA,0,NA,NA,NA,NA
234,25,31626702,Hjelmervik2020,Hjelmervik,2020,37,22.3,3.25,38,21.14,4.31,NA,hip,glx,chronic,0,NA,NA,NA,30.03,29.83,11.48,30.23,10.23,62.48,17.63,15.53,5.51,15.03,5.02,31.91,9.7,NA,3,0,33.71,0.07,0,31.76,0.08,1.061397985,0.875
235,118,http://www.ncbi.nlm.nih.gov/pubmed/22831772,Hutcheson2012,Hutcheson,2012,28,0.63,0.09,28,0.63,0.08,NA,hip,glx,chronic,0,20,17,66.07,36.15,36.7,12.2,35.6,11.1,NA,NA,NA,NA,NA,NA,NA,NA,NA,3,NA,NA,NA,NA,NA,NA,NA,NA
236,119,http://www.ncbi.nlm.nih.gov/pubmed/10821999,Kegeles2000,Kegeles,2000,10,0.914,0.432,10,0.842,0.38,NA,hip,glx,chronic,0,10,10,100,28.5,28,7,29,5,59,NA,NA,NA,NA,NA,NA,NA,NA,1.5,NA,NA,NA,NA,NA,NA,NA,NA
237,30,http://www.ncbi.nlm.nih.gov/pubmed/22805603b,Kraguljac2012,Kraguljac,2012,47,0.62,0.11,44,0.63,0.08,NA,hip,glx,chronic,0,33,26,62.77,37.085,38.02,12.4,36.15,12,58,NA,NA,NA,NA,NA,NA,NA,NA,3,NA,NA,NA,0,NA,NA,NA,NA
238,31,30630705,Kraguljac2019,Kraguljac,2019,61,0.65,0.09,31,0.6,0.09,NA,hip,glx,chronic,0,44,22,71.53,28.21,27.84,8.69,28.58,9.81,NA,NA,NA,NA,NA,NA,NA,NA,NA,3,0,11.93,8.4,1,12.46,8.19,0.957463884,1.025641026
239,129,34282130,Onwordi2021,Onwordi,2021,18,1.28,0.07,22,1.38,0.06,NA,hip,glx,chronic,0,15,21,90,39.56,40.89,2.75,38.23,2.59,NA,NA,NA,NA,NA,NA,NA,NA,NA,3,0,14.17,0.07,0,14.59,0.06,0.97121316,1.166666667
240,107,https://www.ncbi.nlm.nih.gov/pubmed/30087434,Shakory2018,Shakory,2018,16,13.446,1.101,31,13.63,1.55,1,hip,glx,fep,1,15,13,59.57,23.35,24.5,5.8,22.2,3.1,NA,NA,16.5,4.7,12.4,4.8,NA,NA,NA,3,0,14.36,0.059,0,14.29,0.062,1.00489853,0.951612903
241,112,PMID:29230507,Singh2018,Singh,2018,28,1.97,0.43,28,2.07,0.4,NA,hip,glx,chronic,0,12,14,46.43,32.665,33.89,9.34,31.44,7.36,NA,NA,NA,NA,NA,NA,NA,NA,488.14,3,NA,NA,NA,NA,NA,NA,NA,NA
242,103,http://www.ncbi.nlm.nih.gov/pubmed/14727370,Szulc2004,Szulc,2004,31,2.63,0.56,6.5,2.17,0.5,NA,hip,glx,fep,0,21,NA,NA,23.39,22.55,3.5,24.23,1.36,79.71,13.43,17.61,4.43,22.03,6.53,39.74,6.67,NA,1.5,NA,NA,NA,NA,NA,NA,NA,NA
243,103,http://www.ncbi.nlm.nih.gov/pubmed/14727371,Szulc2004,Szulc,2004,17,2.47,0.72,6.5,2.17,0.5,NA,hip,glx,chronic,0,12,NA,NA,33.59,33.59,7.4,24.23,1.36,88.6,10.03,16.2,3.99,24.87,2.8,47.53,6.4,NA,1.5,NA,NA,NA,NA,NA,NA,NA,NA
244,104,http://www.ncbi.nlm.nih.gov/pubmed/21710405b,Szulc2011,Szulc,2011,36,2.41,0.41,25,2.25,0.44,NA,hip,glx,chronic,0,30,16,67.65,31.05,32.2,6,29.9,5.3,94.7,13.4,18.5,4.8,26.1,3.4,49.8,8.6,NA,1.5,NA,NA,NA,NA,NA,NA,NA,NA
245,114,http://www.ncbi.nlm.nih.gov/pubmed/18456460,Wood2008,Wood,2008,12,6.38,1.46,9.5,6.37,1.62,NA,hip,glx,fep,1,12,12,70.59,20.6,20.2,4.3,21,4.4,77.42,13.43,20.27,3.94,15.92,8.02,41.75,8.17,NA,3,1,NA,NA,NA,NA,NA,NA,NA
246,114,http://www.ncbi.nlm.nih.gov/pubmed/18456461,Wood2008,Wood,2008,19,6.93,1.01,9.5,6.37,1.62,NA,hip,glx,fep,0,12,12,63.16,20.65,20.3,3.4,21,4.4,80.25,17.06,21.94,5.02,15,6.31,41.9,10.1,NA,3,1,NA,NA,NA,NA,NA,NA,NA
247,113,http://www.ncbi.nlm.nih.gov/pubmed/18456462,Wood2010,Wood,2010,6,8.03,1.34,14.5,6.58,0.69,NA,hip,glx,fep,1,NA,NA,NA,20.16,19.18,3.17,21.14,4.74,NA,NA,NA,NA,NA,NA,NA,NA,NA,3,1,NA,NA,NA,NA,NA,NA,NA
248,10,PMID:<U+00A0>32928500,Bojesen2021,Bojesen,2021,48,6.97,0.89,46,6.75,0.82,NA,thal,glu,fep,1,24,22,43,22.45,22.7,5,22.2,4.1,75.9,14.3,18.8,4.4,19.9,5.3,37.1,7.3,NA,3,0,15.9,0.047,0,16.4,0.047,0.969512195,1
249,14,http://www.ncbi.nlm.nih.gov/pubmed/19918243b,Bustillo2010,Bustillo,2010,12,12.29,3.38,10,11.5,4.26,NA,thal,glu,fep,1,12,8,83.33,28,27.2,8.9,28.8,9.7,NA,NA,NA,NA,NA,NA,NA,NA,NA,4,NA,NA,NA,NA,NA,NA,NA,NA
250,20,29880882,Egerton2018,Egerton,2018,24,1.02,0.13,36,1.07,0.12,NA,thal,glu,fep,0,20,26,76.67,27.85,27.4,5.73,28.2,4.28,65.42,12.7,19.19231,4.92,13.61538,4.45,32.61538,6.6,NA,3,NA,NA,NA,0,NA,NA,NA,NA
251,20,29880882,Egerton2018,Egerton,2018,27,1.11,0.19,14,1.19,0.17,NA,thal,glu,fep,0,15,9,58.54,22.86957,21.8,3.07,25.1,3.15,83.16,17.9,21.41935,5.9,20.6129,5.72,41.12903,8.25,NA,3,NA,NA,NA,0,NA,NA,NA,NA
252,20,29880882,Egerton2018,Egerton,2018,11,1.2,0.21,8,1.02,0.25,NA,thal,glu,fep,0,14,4,94.74,25.29167,25.9,5.83,24.3,2.29,70.4,15.28,19.4,4.21,16.26667,7.69,34.73333,7.98,NA,3,NA,NA,NA,0,NA,NA,NA,NA
253,5,30301944,Legind2019,Legind,2019,23,7.55,0.84,52,7.07,0.84,NA,thal,glu,chronic,0,19,26,60,39.65,38.6,9.8,40.7,11.2,62.9,19.9,15,5.8,16.7,7.4,31.2,9.4,NA,3,0,10.13,0.06,0,12.29,0.05,0.824247356,1.2
254,5,30301944,Legind2019,Legind,2019,22,7.45,1.13,36,7.34,0.92,NA,thal,glu,chronic,0,11,22,56.9,42.2,43.2,9.5,41.2,9.7,60.6,20.7,14.1,6.4,15.5,7.4,31.1,9.7,NA,3,0,11.77,0.06,0,13.08,0.05,0.899847095,1.2
255,7,28115738,Roalf2017,Roalf,2017,5,4.67,0.37,17,5.38,0.4,1,thal,glu,fep,0,4,8,54.55,20.7,21.8,2.5,19.6,2.5,NA,NA,NA,NA,NA,NA,NA,NA,NA,7,NA,NA,NA,NA,NA,NA,NA,NA
256,38,PMID:<U+00A0>33429152,Smesny2021,Smesny,2021,29,6.777,0.904,26,7.41,0.591,NA,thal,glu,fep,1,12,14,47.61,25.5,25.8,5.4,25.2,4.7,NA,NA,NA,NA,NA,NA,NA,NA,NA,3,0,28.1,7.1,1,27.7,6.8,1.014440433,1.044117647
257,56,https://www.ncbi.nlm.nih.gov/pubmed/28243459,Taylor2017,Taylor,2017,16,7.4,1,18,7.4,0.6,NA,thal,glu,chronic,0,13,11,70.59,23.3,22.7,2.9,23.9,4.6,NA,NA,NA,NA,NA,NA,NA,NA,358,7,0,NA,16.9,1,NA,16.9,NA,1
258,59,http://www.ncbi.nlm.nih.gov/pubmed/12411236b,Theberge2002,Theberge,2002,19,14.06,3.28,19,13.96,2.27,NA,thal,glu,fep,1,14,14,66.66,26,26,14,26,7,NA,NA,NA,NA,NA,NA,NA,NA,NA,4,NA,NA,NA,NA,NA,NA,NA,NA
259,60,http://www.ncbi.nlm.nih.gov/pubmed/14638596b,Theberge2003,Theberge,2003,19,13.09,1.91,19,13.11,1.74,NA,thal,glu,chronic,0,20,20,95.23,35,37,11,33,12,NA,NA,NA,NA,NA,NA,NA,NA,NA,4,NA,NA,NA,NA,NA,NA,NA,NA
260,42,30624573,Wang2019,Wang,2019,66,6.24,0.63,74,6.36,0.54,NA,thal,glu,fep,0,57,42,58.26,22.8,22.3,4.4,23.3,3.9,NA,NA,NA,NA,NA,NA,NA,NA,188,7,0,17.4,0.05,0,20.9,0.043,0.832535885,1.162790698
261,131,34093272,Wijtenburg2021,Wijtenburg,2021,40,6.89,0.94,38,6.94,0.68,NA,thal,glu,chronic,0,23,19,53.85,32.35,34.2,12.4,30.5,10.5,NA,NA,NA,NA,NA,NA,NA,NA,336.7,7,0,15.9,0.051,0,18.2,0.049,0.873626374,1.040816327
262,71,26305477,Batalla2015,Batalla,2015,10,4.8,1.3,6,5.4,1.7,NA,thal,glx,fep,1,5,3,50,23.1,23.9,1.2,22.3,0.8,117.4,6.9,28.6,1.4,30.2,2.5,58.7,4.5,NA,3,0,35.9,0.079,0,15,0.079,2.393333333,1
263,10,PMID:<U+00A0>32928500,Bojesen2021,Bojesen,2021,48,9.88,1.67,47,9.78,1.35,NA,thal,glx,fep,1,24,22,43,22.45,22.7,5,22.2,4.1,75.9,14.3,18.8,4.4,19.9,5.3,37.1,7.3,NA,3,0,15.9,0.047,0,16.4,0.047,0.969512195,1
264,20,29880882,Egerton2018,Egerton,2018,26,1.31,0.28,36,1.37,0.31,NA,thal,glx,fep,0,20,26,74.19,27.85,27.4,5.73,28.2,4.28,65.42,12.7,19.19231,4.92,13.61538,4.45,32.61538,6.6,NA,3,NA,NA,NA,0,NA,NA,NA,NA
265,20,29880882,Egerton2018,Egerton,2018,27,1.56,0.31,14,1.54,0.17,NA,thal,glx,fep,0,15,9,58.54,22.86957,21.8,3.07,25.1,3.15,83.16,17.9,21.41935,5.9,20.6129,5.72,41.12903,8.25,NA,3,NA,NA,NA,0,NA,NA,NA,NA
266,20,29880882,Egerton2018,Egerton,2018,12,1.59,0.33,7,1.43,0.4,NA,thal,glx,fep,0,14,4,94.74,25.29167,25.9,5.83,24.3,2.29,70.4,15.28,19.4,4.21,16.26667,7.69,34.73333,7.98,NA,3,NA,NA,NA,0,NA,NA,NA,NA
267,99,http://www.ncbi.nlm.nih.gov/pubmed/19179972,Galinska2009,Galinska,2009,30,1.94,0.39,19,1.89,0.24,NA,thal,glx,fep,0,20,13,67.35,22.5,22.5,3.6,22.5,3.3,80.2,13.7,17.9,4.6,22,6.6,40.3,6.4,377,1.5,NA,NA,NA,NA,NA,NA,NA,NA
268,5,30301944,Legind2019,Legind,2019,24,10.65,1.15,52,10.22,1.29,NA,thal,glx,chronic,0,19,26,59.21,39.65,38.6,9.8,40.7,11.2,62.9,19.9,15,5.8,16.7,7.4,31.2,9.4,NA,3,0,10.13,0.06,0,12.29,0.05,0.824247356,1.2
269,5,30301944,Legind2019,Legind,2019,22,10.78,1.5,36,10.32,0.99,NA,thal,glx,chronic,0,11,22,56.9,42.2,43.2,9.5,41.2,9.7,60.6,20.7,14.1,6.4,15.5,7.4,31.1,9.7,NA,3,0,11.77,0.06,0,13.08,0.05,0.899847095,1.2
270,38,PMID:<U+00A0>33429152,Smesny2021,Smesny,2021,29,9.958,1.591,26,10.539,1.062,NA,thal,glx,fep,1,12,14,47.61,25.5,25.8,5.4,25.2,4.7,NA,NA,NA,NA,NA,NA,NA,NA,NA,3,0,28.1,7.1,1,27.7,6.8,1.014440433,1.044117647
271,103,http://www.ncbi.nlm.nih.gov/pubmed/14727370,Szulc2004,Szulc,2004,31,2.02,0.55,6.5,1.85,0.35,NA,thal,glx,fep,0,21,NA,NA,23.39,22.55,3.5,24.23,1.36,79.71,13.43,17.61,4.43,22.03,6.53,39.74,6.67,NA,1.5,NA,NA,NA,NA,NA,NA,NA,NA
272,103,http://www.ncbi.nlm.nih.gov/pubmed/14727371,Szulc2004,Szulc,2004,17,1.84,0.36,6.5,1.85,0.35,NA,thal,glx,chronic,0,12,NA,NA,28.91,33.59,7.4,24.23,1.36,88.6,10.03,16.2,3.99,24.87,2.8,47.53,6.4,NA,1.5,NA,NA,NA,NA,NA,NA,NA,NA
273,104,http://www.ncbi.nlm.nih.gov/pubmed/21710405c,Szulc2011,Szulc,2011,42,1.82,0.23,26,1.84,0.18,NA,thal,glx,chronic,0,30,16,67.64,31.05,32.2,6,29.9,5.3,94.7,13.4,18.5,4.8,26.1,3.4,49.8,8.6,NA,1.5,NA,NA,NA,NA,NA,NA,NA,NA
274,42,30624573,Wang2019,Wang,2019,67,7.81,0.94,74,7.86,0.72,NA,thal,glx,fep,0,57,42,58.26,22.8,22.3,4.4,23.3,3.9,NA,NA,NA,NA,NA,NA,NA,NA,188,7,0,17.4,0.05,0,20.9,0.043,0.832535885,1.162790698
275,14,http://www.ncbi.nlm.nih.gov/pubmed/19918243b,Bustillo2010,Bustillo,2010,12,6.43,3.32,10,6.68,2.36,NA,thal,gln,fep,1,12,8,83.33,28,27.2,8.9,28.8,9.7,NA,NA,NA,NA,NA,NA,NA,NA,NA,4,NA,NA,NA,NA,NA,NA,NA,NA
276,56,https://www.ncbi.nlm.nih.gov/pubmed/28243459,Taylor2017,Taylor,2017,16,1.9,0.6,18,1.3,0.6,NA,thal,gln,chronic,0,13,11,70.59,23.3,22.7,2.9,23.9,4.6,NA,NA,NA,NA,NA,NA,NA,NA,358,7,0,NA,16.9,1,NA,16.9,NA,1
277,59,http://www.ncbi.nlm.nih.gov/pubmed/12411236b,Theberge2002,Theberge,2002,19,8.65,2.13,19,7.3,1.61,NA,thal,gln,fep,1,14,14,66.66,26,26,14,26,7,NA,NA,NA,NA,NA,NA,NA,NA,NA,4,NA,NA,NA,NA,NA,NA,NA,NA
278,60,http://www.ncbi.nlm.nih.gov/pubmed/14638596b,Theberge2003,Theberge,2003,19,8.78,2.05,19,6.64,2.6,NA,thal,gln,chronic,0,20,20,95.23,35,37,11,33,12,NA,NA,NA,NA,NA,NA,NA,NA,NA,4,NA,NA,NA,NA,NA,NA,NA,NA
279,42,30624573,Wang2019,Wang,2019,52,1.64,0.38,68,1.52,0.3,NA,thal,gln,fep,0,57,42,58.26,22.8,22.3,4.4,23.3,3.9,NA,NA,NA,NA,NA,NA,NA,NA,188,7,0,17.4,0.05,0,20.9,0.043,0.832535885,1.162790698
280,131,34093272,Wijtenburg2021,Wijtenburg,2021,38,1.91,0.64,38,1.63,0.34,NA,thal,gln,chronic,0,23,19,53.85,32.35,34.2,12.4,30.5,10.5,NA,NA,NA,NA,NA,NA,NA,NA,336.7,7,0,15.9,0.051,0,18.2,0.049,0.873626374,1.040816327
281,130,34226485,Godlewska2021,Godlewska,2021,16,9.57,0.24,18,9.67,0.24,NA,bg,glu,fep,0,17,18,100,26.35,25.6,1.1,27.1,0.8,58,2.5,14.5,0.8,14.4,1,29.1,1.2,NA,7,0,14.81,0.044,0,14.67,0.045,1.009543286,0.977777778
282,21,25603859,Goldstein2015,Goldstein,2015,12,1.12,0.13,4.333333333,1.16,0.13,NA,bg,glu,chronic,0,12,4.333333333,80.33,32.4,30.7,7.2,34.1,7.9,59.9,11.1,13.4,5.3,17.1,5.8,29.5,5.9,426.5,3,NA,NA,NA,0,NA,NA,NA,NA
283,21,25603859,Goldstein2015,Goldstein,2015,8,1.23,0.19,4.333333333,1.16,0.13,NA,bg,glu,chronic,0,12,4.333333333,76.56,33.9,33.7,8.6,34.1,7.9,59.7,15,11.4,5.5,19.7,6.7,28.6,6.6,446,3,NA,NA,NA,0,NA,NA,NA,NA
284,21,25603859,Goldstein2015,Goldstein,2015,9,1.08,0.17,4.333333333,1.16,0.13,NA,bg,glu,chronic,0,9,4.333333333,81.63,34.55,35,7.3,34.1,7.9,62.4,12.5,14,5.8,20,6.9,28.4,4.2,855.4,3,NA,NA,NA,0,NA,NA,NA,NA
285,26,30389132,Iwata2019,Iwata,2019,24,11.36,1.71,8.666666667,11.5,2.2,NA,bg,glu,chronic,0,21,19,76.95,42.95,45.1,12.9,40.8,13.2,82.8,11.7,22.5,3.9,20.9,4.2,39.5,7,643.2,3,0,11.4,8.2,1,13.5,9,0.844444444,0.911111111
286,26,30389132,Iwata2019,Iwata,2019,25,11.95,1.74,8.666666667,11.5,2.2,NA,bg,glu,chronic,0,19,19,71.75,40.65,40.5,11.2,40.8,13.2,56.1,10.9,11.5,2,16.1,4.8,28.5,5.6,527.1,3,0,12.3,8.6,1,13.5,9,0.911111111,0.955555556
287,26,30389132,Iwata2019,Iwata,2019,21,12.13,1.78,8.666666667,11.5,2.2,NA,bg,glu,chronic,0,16,19,74.65,43.55,46.3,12.7,40.8,13.2,57.2,9.5,10.9,2.3,16,3.6,30.3,4.7,443.1,3,0,12.5,8.6,1,13.5,9,0.925925926,0.955555556
288,122,https://www.ncbi.nlm.nih.gov/pmc/articles/PMC4753594/,Plitman2016,Plitman,2016,64,13.1,1.31,63,12.39,0.95,NA,bg,glu,fep,1,37,38,62.5,23.85,24.67,7.68,23.03,4.87,97.21,11.27,24.13,4.97,24.33,5.66,48.75,8.38,NA,3,0,14.32,0.08,0,14.68,0.08,0.975476839,1
289,123,PMID:29414127,Plitman2018,Plitman,2018,12,11.28,1.18,11,11.69,1.19,NA,bg,glu,chronic,0,7,8,65.22,42.865,45,12.09,40.73,12.95,NA,NA,NA,NA,NA,NA,NA,NA,471.25,3,0,13.75,0.08,0,12.36,0.08,1.112459547,1
290,121,https://www.ncbi.nlm.nih.gov/pubmed/?term=27316854,Thakkar2017,Thakkar,2017,10.5,9.37,1.51,12,9.5,1.59,NA,bg,glu,chronic,0,15,16,68.88,35.15,36.4,7.3,33.9,9.3,49.1,10.6,11.3,4.5,12.7,6,25.1,7.5,281.4,7,NA,NA,NA,NA,NA,NA,NA,NA
291,121,https://www.ncbi.nlm.nih.gov/pubmed/?term=27316854,Thakkar2017,Thakkar,2017,10.5,7.68,1.3,12,7.55,1.54,NA,bg,glu,chronic,0,15,16,68.88,35.15,36.4,7.3,33.9,9.3,49.1,10.6,11.3,4.5,12.7,6,25.1,7.5,281.4,7,NA,NA,NA,NA,NA,NA,NA,NA
292,57,http://www.ncbi.nlm.nih.gov/pubmed/19097753,Tayoshi2009,Tayoshi,2009,30,4.8,0.8,25,4.8,0.8,NA,bg,glu,chronic,0,14,13,49.09,34.35,33.8,9.5,34.9,10.7,55.2,9.66,12.5,3.5,15,5.4,27.7,7.2,383.3,3,NA,NA,NA,NA,NA,NA,NA,NA
293,130,34226485,Godlewska2021,Godlewska,2021,16,3.22,0.19,18,3.01,0.15,NA,bg,gln,fep,0,17,18,100,26.35,25.6,1.1,27.1,0.8,58,2.5,14.5,0.8,14.4,1,29.1,1.2,NA,7,0,14.81,0.044,0,14.67,0.045,1.009543286,0.977777778
294,57,http://www.ncbi.nlm.nih.gov/pubmed/19097753,Tayoshi2009,Tayoshi,2009,30,2.7,0.7,25,2.7,0.6,NA,bg,gln,chronic,0,14,13,49.09,34.35,33.8,9.5,34.9,10.7,55.2,9.66,12.5,3.5,15,5.4,27.7,7.2,383.3,3,NA,NA,NA,NA,NA,NA,NA,NA
295,121,https://www.ncbi.nlm.nih.gov/pubmed/?term=27316854,Thakkar2017,Thakkar,2017,10.5,3.19,1.24,12,3.03,1.13,NA,bg,gln,chronic,0,15,16,68.88,35.15,36.4,7.3,33.9,9.3,49.1,10.6,11.3,4.5,12.7,6,25.1,7.5,281.4,7,NA,NA,NA,NA,NA,NA,NA,NA
296,121,https://www.ncbi.nlm.nih.gov/pubmed/?term=27316854,Thakkar2017,Thakkar,2017,10.5,2.93,0.97,12,3.5,1.69,NA,bg,gln,chronic,0,15,16,68.88,35.15,36.4,7.3,33.9,9.3,49.1,10.6,11.3,4.5,12.7,6,25.1,7.5,281.4,7,NA,NA,NA,NA,NA,NA,NA,NA
297,86,http://www.ncbi.nlm.nih.gov/pubmed/10904141,Block2000,Block,2000,25,1.36,0.39,19,1.23,0.44,1,bg,glx,chronic,0,18,7,56.82,37.9,35.6,8.3,40.2,15.3,NA,NA,NA,NA,NA,NA,NA,NA,NA,1.5,NA,NA,NA,NA,NA,NA,NA,NA
298,80,PMID:29132653 | PMCID:PMC5809278,de la Fuente-Sandoval2018,de la Fuente-Sandoval,2018,28,1.62,0.32,18,1.41,0.2,NA,bg,glx,fep,1,20,9,63.04,23,23,6.1,23,3.8,104.4,10.43,26.9,5.1,25.5,5.7,52,7.1,NA,3,0,19.17,7.25,1,18.01,6.53,1.064408662,1.110260337
299,21,25603859,Goldstein2015,Goldstein,2015,12,1.53,0.08,4.333333333,1.48,0.09,NA,bg,glx,chronic,0,12,13,80.33,32.4,30.7,7.2,34.1,7.9,59.9,11.1,13.4,5.3,17.1,5.8,29.5,5.9,426.5,3,NA,NA,NA,0,NA,NA,NA,NA
300,21,25603859,Goldstein2015,Goldstein,2015,8,1.83,0.1,4.333333333,1.48,0.09,NA,bg,glx,chronic,0,12,13,76.56,33.9,33.7,8.6,34.1,7.9,59.7,15,11.4,5.5,19.7,6.7,28.6,6.6,446,3,NA,NA,NA,0,NA,NA,NA,NA
301,21,25603859,Goldstein2015,Goldstein,2015,9,1.43,0.1,4.333333333,1.48,0.09,NA,bg,glx,chronic,0,9,13,81.63,34.55,35,7.3,34.1,7.9,62.4,12.5,14,5.8,20,6.9,28.4,4.2,855.4,3,NA,NA,NA,0,NA,NA,NA,NA
302,81,http://www.ncbi.nlm.nih.gov/pubmed/14662552,Goto2012,Goto,2012,18,0.72,0.16,18,0.6,0.18,NA,bg,glx,fep,0,9,9,50,30,31,12,29,11,68.1,17,15.9,4.2,17.2,5.3,34.2,10.1,NA,3,NA,NA,NA,NA,NA,NA,NA,NA
303,26,30389132,Iwata2019,Iwata,2019,25,16.34,2.85,8.666666667,15.76,2.2,NA,bg,glx,chronic,0,21,19,76.95,42.95,45.1,12.9,40.8,13.2,82.8,11.7,22.5,3.9,20.9,4.2,39.5,7,643.2,3,0,11.4,8.2,1,13.5,9,0.844444444,0.911111111
304,26,30389132,Iwata2019,Iwata,2019,25,16.21,1.87,8.666666667,15.76,2.2,NA,bg,glx,chronic,0,19,19,71.75,40.65,40.5,11.2,40.8,13.2,56.1,10.9,11.5,2,16.1,4.8,28.5,5.6,527.1,3,0,12.3,8.6,1,13.5,9,0.911111111,0.955555556
305,26,30389132,Iwata2019,Iwata,2019,21,16.9,2.32,8.666666667,15.76,2.2,NA,bg,glx,chronic,0,16,19,74.65,43.55,46.3,12.7,40.8,13.2,57.2,9.5,10.9,2.3,16,3.6,30.3,4.7,443.1,3,0,12.5,8.6,1,13.5,9,0.925925926,0.955555556
306,122,https://www.ncbi.nlm.nih.gov/pmc/articles/PMC4753594/,Plitman2016,Plitman,2016,64,16.61,1.69,63,16.21,1.5,NA,bg,glx,fep,1,37,38,62.5,23.85,24.67,7.68,23.03,4.87,97.21,11.27,24.13,4.97,24.33,5.66,48.75,8.38,NA,3,0,14.32,0.08,0,14.68,0.08,0.975476839,1
307,123,PMID:29414127,Plitman2018,Plitman,2018,12,15.32,1.87,11,15.83,1.78,NA,bg,glx,chronic,0,7,8,65.22,42.865,45,12.09,40.73,12.95,NA,NA,NA,NA,NA,NA,NA,NA,471.25,3,0,13.75,0.08,0,12.36,0.08,1.112459547,1
308,137,https://pubmed.ncbi.nlm.nih.gov/23706412/,Reid2013,Reid,2013,35,0.65,0.2,22,0.57,0.24,NA,bg,glx,chronic,0,26,13,68.42,37.9,23.2,4.4,23.5,4.5,NA,NA,NA,NA,NA,NA,NA,NA,NA,3,0,7.84,9.86,1,8.1,10.11,0.967901235,0.975272008
309,125,30286325,Sivaraman2018,Sivaraman,2018,14,0.22,0.03,18,0.23,0.06,NA,bg,glx,fep,1,10,11,65.63,23.04,22.86,5.78,23.22,5.39,NA,NA,NA,NA,NA,NA,NA,NA,NA,3,0,15.49,8.48,1,17.31,8.45,0.894858463,1.003550296
310,39,31842203,Tarumi2020,Tarumi,2020,23,14.08,2.06,11.5,13.56,2.8,NA,bg,glx,chronic,0,12,13,44,43.8,43.9,11.6,43.7,11.7,111.2,20.4,26.8,4.8,31,6.2,53.4,11.5,958.5,3,0,14.87,0.06,0,14.43,0.06,1.03049203,1
311,39,31842203,Tarumi2020,Tarumi,2020,27,13.72,2.71,11.5,13.56,2.8,NA,bg,glx,chronic,0,14,13,45.5,43.05,42.4,12.6,43.7,11.7,49.8,13.7,9.9,2.6,14.4,6,25.5,6.4,412.4,3,0,14.85,0.06,0,14.43,0.06,1.029106029,1
312,121,https://www.ncbi.nlm.nih.gov/pubmed/?term=27316854,Thakkar2017,Thakkar,2017,10.5,12.56,2.48,12,12.54,2.47,NA,bg,glx,chronic,0,15,16,68.88,35.15,36.4,7.3,33.9,9.3,49.1,10.6,11.3,4.5,12.7,6,25.1,7.5,281.4,7,NA,NA,NA,NA,NA,NA,NA,NA
313,121,https://www.ncbi.nlm.nih.gov/pubmed/?term=27316854,Thakkar2017,Thakkar,2017,10.5,10.62,1.68,12,11.04,2.21,NA,bg,glx,chronic,0,15,16,68.88,35.15,36.4,7.3,33.9,9.3,49.1,10.6,11.3,4.5,12.7,6,25.1,7.5,281.4,7,NA,NA,NA,NA,NA,NA,NA,NA
314,126,http://www.ncbi.nlm.nih.gov/pubmed/14604450,Yamasue2003,Yamasue,2003,16,13.9,3.05,15,12.6,2,NA,bg,glx,chronic,0,10,9,61.29,29.55,30.7,6.9,28.4,3.4,68.5,9.57,14.5,5.7,19.5,4.1,34.5,6.5,543,1.5,NA,NA,NA,0,NA,NA,NA,NA
315,139,https://pubmed.ncbi.nlm.nih.gov/35791929/,Cai2022,Cai,2022,50,17.94,2.23,43,17.74,2.17,NA,pfc,glu,chronic,0,21,24,48.905,25.245,26.84,8.81,23.65,7.06,61.4,19.1,13.68,5.69,18.38,8.13,29.34,8.96,482.48,3,0,24.58,0.05,0,23.79,0.04,1.03320723,1.25
316,140,https://www.ncbi.nlm.nih.gov/pmc/articles/PMC8943150/#!po=27.0833,Wang2022,Wang,2022,114,7.986228,2.154767,59,8.27,1.82,NA,pfc,glx,chronic,0,54,59,65.3,26.7491,26.2482,5.8267,27.25,6.1,56.0381,16.0269,13.458,4.7989,15.005,6.6729,27.3932,7.5443,667.9475,3,0,21.3697,0.0754,0,22.09,0.07,0.967392485,1.077142857
317,141,https://pubmed.ncbi.nlm.nih.gov/35199836/,Leptourgos2022,Leptourgos,2022,35,11.1188,1.5745,12,11.6,1.44,NA,dlpfc,glx,chronic,0,24,10,62.96,34.6182,33.3364,10.2123,35.9,10.6,NA,NA,NA,NA,NA,NA,NA,NA,331.7673,3,0,55.7658,0.0379,0,57.76,0.0387,0.965474377,0.979328165
318,141,https://pubmed.ncbi.nlm.nih.gov/35199836/,Leptourgos2022,Leptourgos,2022,35,15.2924,0.9085,12,15.54,1.1,NA,pfc,glx,chronic,0,24,10,62.96,34.6182,33.3364,10.2123,35.9,10.6,NA,NA,NA,NA,NA,NA,NA,NA,331.7673,3,0,43.1573,0.028,0,42.43,0.0257,1.017141174,1.089494163
319,142,https://pubmed.ncbi.nlm.nih.gov/34933057/,Smucny2022,Smucny,2022,37,6.734,0.088,42,6.81,0.083,NA,dlpfc,glu,fep,0,27,32,67.8,20.86,20.55,3.3,21.17,3.35,NA,NA,NA,NA,NA,NA,NA,NA,225.06,3,0,39.22,0.04,0,39.71,0.039,0.987660539,1.025641026
320,144,https://www.ncbi.nlm.nih.gov/pmc/articles/PMC8561748/?report=reader#!po=60.5263,Jeon2022,Jeon,2022,21,6.51,0.64,10,7.25,1.34,NA,pfc,glu,fep,1,16,5,67.7,21.965,22.33,5.29,21.6,3.37,NA,NA,NA,NA,NA,NA,NA,NA,NA,7,NA,NA,NA,NA,NA,NA,NA,NA
321,144,https://www.ncbi.nlm.nih.gov/pmc/articles/PMC8561748/?report=reader#!po=60.5264,Jeon2022,Jeon,2022,21,1.06,0.32,10,1.1,0.36,NA,pfc,gln,fep,1,16,5,67.7,21.965,22.33,5.29,21.6,3.37,NA,NA,NA,NA,NA,NA,NA,NA,NA,7,NA,NA,NA,NA,NA,NA,NA,NA
322,145,https://pubmed.ncbi.nlm.nih.gov/35197141/,Huang2022,Huang,2022,17.5,1.081,0.23,4.75,1.13,0.19,NA,pfc,glu,chronic,0,17,9,47.965,38.91,39.77,8.19,38.05,8.07,38.23,5.77,8.2,1.35,7.69,1.73,18.86,3.56,467.91,1.5,NA,NA,NA,1,NA,NA,NA,NA
323,145,https://pubmed.ncbi.nlm.nih.gov/35197141/,Huang2022,Huang,2022,19,1.27,0.39,4.75,1.13,0.19,NA,pfc,glu,chronic,0,21,9,51.31,40.815,43.58,8.76,38.05,8.07,83.21,25.4,22.11,6.02,17.47,6.17,37.76,14.75,821.36,1.5,NA,NA,NA,1,NA,NA,NA,NA
324,145,https://pubmed.ncbi.nlm.nih.gov/35197141/,Huang2022,Huang,2022,17.5,1.49,0.36,4.75,1.13,0.19,NA,pfc,glu,chronic,0,17,9,47.965,38.91,39.77,8.19,38.05,8.07,38.23,5.77,8.2,1.35,7.69,1.73,18.86,3.56,467.91,1.5,NA,NA,NA,1,NA,NA,NA,NA
325,145,https://pubmed.ncbi.nlm.nih.gov/35197141/,Huang2022,Huang,2022,19,1.59,0.79,4.75,1.13,0.19,NA,pfc,glu,chronic,0,21,9,51.31,40.815,43.58,8.76,38.05,8.07,83.21,25.4,22.11,6.02,17.47,6.17,37.76,14.75,821.36,1.5,NA,NA,NA,1,NA,NA,NA,NA
326,146,https://pubmed.ncbi.nlm.nih.gov/34883221/,Matrone2022,Matrone,2022,10,0.95,0.91,10,0.66,0.53,NA,acc,glx,chronic,0,5,5,50,NA,NA,NA,NA,NA,NA,NA,NA,NA,NA,NA,NA,NA,NA,1.5,NA,NA,NA,NA,NA,NA,NA,NA
327,146,https://pubmed.ncbi.nlm.nih.gov/34883221/,Matrone2022,Matrone,2022,10,0.93,0.92,10,0.66,0.53,NA,acc,glx,chronic,0,8,8,80,NA,NA,NA,NA,NA,NA,NA,NA,NA,NA,NA,NA,NA,NA,1.5,NA,NA,NA,NA,NA,NA,NA,NA
